,Run,Assay Type,AvgSpotLen,Bases,BioProject,BioSample,BioSampleModel,Bytes,Center Name,Collection_Date,Consent,DATASTORE filetype,DATASTORE provider,DATASTORE region,Experiment,geo_loc_name_country,geo_loc_name_country_continent,geo_loc_name,Host,Instrument,isolate,Library Name,LibraryLayout,LibrarySelection,LibrarySource,Organism,Platform,ReleaseDate,create_date,version,Sample Name,SRA Study,serotype,isolation_source,BioSample Accession,is_retracted,retraction_detection_date_utc,name_state,sample,date,File Name,Genotype,"Genotype List Used, >=98.0%",Genotype Sample Title List,Genotype Percent Match List,Genotype Mismatch List,Genotype Average Depth of Coverage List,Geo_Location,Collection_Date_Specific
0,SRR33993023,WGS,148.15,68132847,PRJNA1102327,SAMN49104730,Viral,22640539,USDA-NVSL,2025,public,"fastq,run",s3,s3.us-east-1,SRX29191096,USA,,USA,CATTLE,Illumina iSeq 100,25-016878-002,25-016878-002-original,PAIRED,RANDOM,VIRAL RNA,Influenza A virus,ILLUMINA,2025-06-20,2025-06-16 16:08:28,1,25-016878-002,SRP503016,,"MILK, BULK TANK",SRS25388571,False,,USA,SRR33993023,2025-06-20_06-23-56,SRR33993023.fa,B3.13,"PB1:am4, PA:ea1, NA:ea1, PB2:am2.2, HA:ea1, NP:am8, NS:am1.1, MP:ea1","am4:23-001855-001:PB1, ea1:22-003707-003:PA, ea1:22-003707-003:NA, am2.2:22-010445-001:PB2, ea1:22-003707-003:HA, am8:23-032005-001:NP, am1.1:22-010085-001:NS, ea1:22-003707-003:MP","99.34%, 98.93%, 98.79%, 98.51%, 98.30%, 99.00%, 99.05%, 98.78%","15, 23, 17, 34, 29, 15, 8, 12",Ran on FASTA - No Coverage Report,USA,2025
1,SRR33993024,WGS,148.15,63105544,PRJNA1102327,SAMN49104729,Viral,21290975,USDA-NVSL,2025,public,"fastq,run.zq,run","gs,s3","gs.us-east1,s3.us-east-1",SRX29191095,USA,,USA,CATTLE,Illumina iSeq 100,25-016866-004,25-016866-004-original,PAIRED,RANDOM,VIRAL RNA,Influenza A virus,ILLUMINA,2025-06-20,2025-06-16 16:08:28,1,25-016866-004,SRP503016,,"MILK, BULK TANK",SRS25388572,False,,USA,SRR33993024,2025-06-20_06-23-56,SRR33993024.fa,B3.13,"NS:am1.1, MP:ea1, PA:ea1, PB2:am2.2, NP:am8, NA:ea1, PB1:am4, HA:ea1","am1.1:22-010085-001:NS, ea1:22-003707-003:MP, ea1:22-003707-003:PA, am2.2:22-010445-001:PB2, am8:23-032005-001:NP, ea1:22-003707-003:NA, am4:23-001855-001:PB1, ea1:22-003707-003:HA","99.05%, 98.88%, 98.75%, 98.47%, 99.06%, 98.94%, 99.21%, 98.18%","8, 11, 27, 35, 14, 15, 18, 31",Ran on FASTA - No Coverage Report,USA,2025
2,SRR33993025,WGS,148.28,46180111,PRJNA1102327,SAMN49104728,Viral,15373063,USDA-NVSL,2025,public,"fastq,run.zq,run",s3,s3.us-east-1,SRX29191094,USA,,USA,CATTLE,Illumina iSeq 100,25-016866-002,25-016866-002-original,PAIRED,RANDOM,VIRAL RNA,Influenza A virus,ILLUMINA,2025-06-20,2025-06-16 16:08:31,1,25-016866-002,SRP503016,,"MILK, BULK TANK",SRS25388570,False,,USA,SRR33993025,2025-06-20_06-23-56,SRR33993025.fa,B3.13,"NA:ea1, HA:ea1, NS:am1.1, PB2:am2.2, MP:ea1, PB1:am4, NP:am8, PA:ea1","ea1:22-003707-003:NA, ea1:22-003707-003:HA, am1.1:22-010085-001:NS, am2.2:22-010445-001:PB2, ea1:22-003707-003:MP, am4:23-001855-001:PB1, am8:23-032005-001:NP, ea1:22-003707-003:PA","98.94%, 98.12%, 99.05%, 98.47%, 98.78%, 99.21%, 99.06%, 98.75%","15, 32, 8, 35, 12, 18, 14, 27",Ran on FASTA - No Coverage Report,USA,2025
3,SRR33993026,WGS,147.53,47042737,PRJNA1102327,SAMN49104727,Viral,15677039,USDA-NVSL,2025,public,"fastq,run.zq,run",s3,s3.us-east-1,SRX29191093,USA,,USA,CATTLE,Illumina iSeq 100,25-016847-007,25-016847-007-original,PAIRED,RANDOM,VIRAL RNA,Influenza A virus,ILLUMINA,2025-06-20,2025-06-16 16:08:27,1,25-016847-007,SRP503016,,"MILK, BULK TANK",SRS25388569,False,,USA,SRR33993026,2025-06-20_06-23-56,SRR33993026.fa,B3.13,"HA:ea1, MP:ea1, NS:am1.1, PA:ea1, NP:am8, NA:ea1, PB2:am2.2, PB1:am4","ea1:22-003707-003:HA, ea1:22-003707-003:MP, am1.1:22-010085-001:NS, ea1:22-003707-003:PA, am8:23-032005-001:NP, ea1:22-003707-003:NA, am2.2:22-010445-001:PB2, am4:23-001855-001:PB1","98.30%, 98.78%, 98.93%, 98.88%, 98.93%, 98.65%, 98.47%, 98.59%","29, 12, 9, 24, 16, 19, 35, 32",Ran on FASTA - No Coverage Report,USA,2025
4,SRR33993027,WGS,147.76,65389924,PRJNA1102327,SAMN49104726,Viral,21557873,USDA-NVSL,2025,public,"fastq,run.zq,run",s3,s3.us-east-1,SRX29191092,USA,,USA,CATTLE,Illumina iSeq 100,25-016847-006,25-016847-006-original,PAIRED,RANDOM,VIRAL RNA,Influenza A virus,ILLUMINA,2025-06-20,2025-06-16 16:08:41,1,25-016847-006,SRP503016,,"MILK, BULK TANK",SRS25388568,False,,USA,SRR33993027,2025-06-20_06-23-56,SRR33993027.fa,B3.13,"PB2:am2.2, MP:ea1, NA:ea1, HA:ea1, NS:am1.1, NP:am8, PA:ea1, PB1:am4","am2.2:22-010445-001:PB2, ea1:22-003707-003:MP, ea1:22-003707-003:NA, ea1:22-003707-003:HA, am1.1:22-010085-001:NS, am8:23-032005-001:NP, ea1:22-003707-003:PA, am4:23-001855-001:PB1","98.51%, 98.78%, 98.65%, 98.30%, 98.93%, 98.93%, 98.88%, 99.30%","34, 12, 19, 29, 9, 16, 24, 16",Ran on FASTA - No Coverage Report,USA,2025
5,SRR33993028,WGS,147.78,74054528,PRJNA1102327,SAMN49104725,Viral,24486243,USDA-NVSL,2025,public,"fastq,run.zq,run","gs,s3","gs.us-east1,s3.us-east-1",SRX29191091,USA,,USA,CATTLE,Illumina iSeq 100,25-016847-004,25-016847-004-original,PAIRED,RANDOM,VIRAL RNA,Influenza A virus,ILLUMINA,2025-06-20,2025-06-16 16:08:16,1,25-016847-004,SRP503016,,"MILK, BULK TANK",SRS25388567,False,,USA,SRR33993028,2025-06-20_06-23-56,SRR33993028.fa,B3.13,"NS:am1.1, NA:ea1, MP:ea1, PA:ea1, HA:ea1, NP:am8, PB1:am4, PB2:am2.2","am1.1:22-010085-001:NS, ea1:22-003707-003:NA, ea1:22-003707-003:MP, ea1:22-003707-003:PA, ea1:22-003707-003:HA, am8:23-032005-001:NP, am4:23-001855-001:PB1, am2.2:22-010445-001:PB2","98.93%, 98.72%, 98.78%, 98.88%, 98.30%, 98.93%, 99.34%, 98.51%","9, 18, 12, 24, 29, 16, 15, 34",Ran on FASTA - No Coverage Report,USA,2025
7,SRR33993041,WGS,147.27,52474370,PRJNA1102327,SAMN49104723,Viral,17356512,USDA-NVSL,2025,public,"fastq,run",s3,s3.us-east-1,SRX29191078,USA,,USA,CATTLE,Illumina iSeq 100,25-016745-002,25-016745-002-original,PAIRED,RANDOM,VIRAL RNA,Influenza A virus,ILLUMINA,2025-06-20,2025-06-16 16:08:17,1,25-016745-002,SRP503016,,"MILK, BULK TANK",SRS25388554,False,,USA,SRR33993041,2025-06-20_06-23-56,SRR33993041.fa,B3.13,"NP:am8, NA:ea1, NS:am1.1, MP:ea1, PA:ea1, HA:ea1, PB2:am2.2, PB1:am4","am8:23-032005-001:NP, ea1:22-003707-003:NA, am1.1:22-010085-001:NS, ea1:22-003707-003:MP, ea1:22-003707-003:PA, ea1:22-003707-003:HA, am2.2:22-010445-001:PB2, am4:23-001855-001:PB1","98.93%, 98.58%, 98.69%, 98.88%, 98.88%, 98.30%, 98.51%, 99.56%","16, 20, 11, 11, 24, 29, 34, 10",Ran on FASTA - No Coverage Report,USA,2025
8,SRR33993043,WGS,147.96,574015012,PRJNA1102327,SAMN49104739,Viral,204462787,USDA-NVSL,2025,public,"fastq,run.zq,run","gs,s3","gs.us-east1,s3.us-east-1",SRX29191076,USA,,USA,CATTLE,NextSeq 2000,25-017370-002,25-017370-002-original,PAIRED,RANDOM,VIRAL RNA,Influenza A virus,ILLUMINA,2025-06-20,2025-06-16 16:08:35,1,25-017370-002,SRP503016,,"MILK, BULK TANK",SRS25388552,False,,USA,SRR33993043,2025-06-20_06-23-56,SRR33993043.fa,B3.13,"PB1:am4, MP:ea1, NA:ea1, PB2:am2.2, HA:ea1, NP:am8, PA:ea1, NS:am1.1","am4:23-001855-001:PB1, ea1:22-003707-003:MP, ea1:22-003707-003:NA, am2.2:22-010445-001:PB2, ea1:22-003707-003:HA, am8:23-032005-001:NP, ea1:22-003707-003:PA, am1.1:22-010085-001:NS","99.30%, 98.78%, 98.65%, 98.51%, 98.42%, 98.93%, 98.70%, 99.05%","16, 12, 19, 34, 27, 16, 28, 8",Ran on FASTA - No Coverage Report,USA,2025
10,SRR33993045,WGS,148.34,238793868,PRJNA1102327,SAMN49104737,Viral,85355492,USDA-NVSL,2025,public,"fastq,run",s3,s3.us-east-1,SRX29191074,USA,,USA,CATTLE,NextSeq 2000,25-017364-002,25-017364-002-original,PAIRED,RANDOM,VIRAL RNA,Influenza A virus,ILLUMINA,2025-06-20,2025-06-16 16:08:22,1,25-017364-002,SRP503016,,"MILK, BULK TANK",SRS25388550,False,,USA,SRR33993045,2025-06-20_06-23-56,SRR33993045.fa,B3.13,"NP:am8, MP:ea1, NS:am1.1, PA:ea1, PB2:am2.2, HA:ea1, PB1:am4, NA:ea1","am8:23-032005-001:NP, ea1:22-003707-003:MP, am1.1:22-010085-001:NS, ea1:22-003707-003:PA, am2.2:22-010445-001:PB2, ea1:22-003707-003:HA, am4:23-001855-001:PB1, ea1:22-003707-003:NA","98.86%, 98.78%, 99.05%, 98.70%, 98.47%, 98.42%, 99.34%, 98.65%","17, 12, 8, 28, 35, 27, 15, 19",Ran on FASTA - No Coverage Report,USA,2025
11,SRR33993046,WGS,148.2,185103703,PRJNA1102327,SAMN49104736,Viral,66232769,USDA-NVSL,2025,public,"fastq,run.zq,run",s3,s3.us-east-1,SRX29191073,USA,,USA,CATTLE,NextSeq 2000,25-017364-001,25-017364-001-original,PAIRED,RANDOM,VIRAL RNA,Influenza A virus,ILLUMINA,2025-06-20,2025-06-16 16:08:52,1,25-017364-001,SRP503016,,"MILK, BULK TANK",SRS25388549,False,,USA,SRR33993046,2025-06-20_06-23-56,SRR33993046.fa,B3.13,"NS:am1.1, PB1:am4, NP:am8, HA:ea1, NA:ea1, PA:ea1, PB2:am2.2, MP:ea1","am1.1:22-010085-001:NS, am4:23-001855-001:PB1, am8:23-032005-001:NP, ea1:22-003707-003:HA, ea1:22-003707-003:NA, ea1:22-003707-003:PA, am2.2:22-010445-001:PB2, ea1:22-003707-003:MP","99.05%, 99.34%, 98.86%, 98.42%, 98.65%, 98.70%, 98.47%, 98.78%","8, 15, 17, 27, 19, 28, 35, 12",Ran on FASTA - No Coverage Report,USA,2025
13,SRR33993048,WGS,132.54,45692579,PRJNA1102327,SAMN49104734,Viral,16380741,USDA-NVSL,2025,public,"fastq,run.zq,run","gs,s3","gs.us-east1,s3.us-east-1",SRX29191071,USA,,USA,CATTLE,NextSeq 2000,25-002509-001-tile,25-002509-001-tile,PAIRED,RANDOM,VIRAL RNA,Influenza A virus,ILLUMINA,2025-06-20,2025-06-16 16:08:19,1,25-002509-001-tile,SRP503016,,"MILK, BULK TANK",SRS25388547,False,,USA,SRR33993048,2025-06-20_06-23-56,SRR33993048.fa,B3.13,"MP:ea1, NA:ea1, HA:ea1, PB1:am4, PB2:am2.2, NS:am1.1, NP:am8, PA:ea1","ea1:22-003707-003:MP, ea1:22-003707-003:NA, ea1:22-003707-003:HA, am4:23-001855-001:PB1, am2.2:22-010445-001:PB2, am1.1:22-010085-001:NS, am8:23-032005-001:NP, ea1:22-003707-003:PA","98.78%, 98.79%, 98.62%, 99.34%, 98.50%, 98.93%, 98.93%, 98.93%","12, 17, 14, 15, 34, 9, 16, 23",Ran on FASTA - No Coverage Report,USA,2025
14,SRR33993049,WGS,148.89,108836285,PRJNA1102327,SAMN49104733,Viral,39521904,USDA-NVSL,2025,public,"fastq,run.zq,run",s3,s3.us-east-1,SRX29191070,USA,,USA,CATTLE,NextSeq 2000,25-017049-001,25-017049-001-original,PAIRED,RANDOM,VIRAL RNA,Influenza A virus,ILLUMINA,2025-06-20,2025-06-16 16:08:35,1,25-017049-001,SRP503016,,"MILK, BULK TANK",SRS25388546,False,,USA,SRR33993049,2025-06-20_06-23-56,SRR33993049.fa,B3.13,"NP:am8, HA:ea1, PA:ea1, NA:ea1, NS:am1.1, MP:ea1, PB2:am2.2, PB1:am4","am8:23-032005-001:NP, ea1:22-003707-003:HA, ea1:22-003707-003:PA, ea1:22-003707-003:NA, am1.1:22-010085-001:NS, ea1:22-003707-003:MP, am2.2:22-010445-001:PB2, am4:23-001855-001:PB1","98.73%, 98.18%, 98.84%, 98.79%, 99.17%, 99.08%, 98.51%, 99.38%","19, 31, 25, 17, 7, 9, 34, 14",Ran on FASTA - No Coverage Report,USA,2025
15,SRR33993050,WGS,148.32,72069095,PRJNA1102327,SAMN49104732,Viral,23887383,USDA-NVSL,2025,public,"fastq,run.zq,run",s3,s3.us-east-1,SRX29191069,USA,,USA,CATTLE,Illumina iSeq 100,25-016878-005,25-016878-005-original,PAIRED,RANDOM,VIRAL RNA,Influenza A virus,ILLUMINA,2025-06-20,2025-06-16 16:08:33,1,25-016878-005,SRP503016,,"MILK, BULK TANK",SRS25388545,False,,USA,SRR33993050,2025-06-20_06-23-56,SRR33993050.fa,B3.13,"NA:ea1, MP:ea1, HA:ea1, NS:am1.1, PB2:am2.2, NP:am8, PA:ea1, PB1:am4","ea1:22-003707-003:NA, ea1:22-003707-003:MP, ea1:22-003707-003:HA, am1.1:22-010085-001:NS, am2.2:22-010445-001:PB2, am8:23-032005-001:NP, ea1:22-003707-003:PA, am4:23-001855-001:PB1","98.72%, 98.68%, 98.24%, 99.05%, 98.51%, 98.93%, 98.93%, 99.21%","18, 13, 30, 8, 34, 16, 23, 18",Ran on FASTA - No Coverage Report,USA,2025
16,SRR33993051,WGS,148.13,71854425,PRJNA1102327,SAMN49104731,Viral,23685525,USDA-NVSL,2025,public,"fastq,run.zq,run","gs,s3","gs.us-east1,s3.us-east-1",SRX29191068,USA,,USA,CATTLE,Illumina iSeq 100,25-016878-003,25-016878-003-original,PAIRED,RANDOM,VIRAL RNA,Influenza A virus,ILLUMINA,2025-06-20,2025-06-16 16:08:20,1,25-016878-003,SRP503016,,"MILK, BULK TANK",SRS25388544,False,,USA,SRR33993051,2025-06-20_06-23-56,SRR33993051.fa,B3.13,"PA:ea1, NS:am1.1, NP:am8, NA:ea1, HA:ea1, MP:ea1, PB2:am2.2, PB1:am4","ea1:22-003707-003:PA, am1.1:22-010085-001:NS, am8:23-032005-001:NP, ea1:22-003707-003:NA, ea1:22-003707-003:HA, ea1:22-003707-003:MP, am2.2:22-010445-001:PB2, am4:23-001855-001:PB1","98.93%, 99.05%, 98.86%, 98.86%, 98.24%, 98.78%, 98.51%, 99.25%","23, 8, 17, 16, 30, 12, 34, 17",Ran on FASTA - No Coverage Report,USA,2025
17,SRR33993052,WGS,147.03,65353759,PRJNA1102327,SAMN49104722,Viral,21469946,USDA-NVSL,2025,public,"fastq,run.zq,run","gs,s3","gs.us-east1,s3.us-east-1",SRX29191067,USA,,USA,CATTLE,Illumina iSeq 100,25-016745-001,25-016745-001-original,PAIRED,RANDOM,VIRAL RNA,Influenza A virus,ILLUMINA,2025-06-20,2025-06-16 16:08:33,1,25-016745-001,SRP503016,,"MILK, BULK TANK",SRS25388543,False,,USA,SRR33993052,2025-06-20_06-23-56,SRR33993052.fa,B3.13,"NA:ea1, MP:ea1, PB2:am2.2, NP:am8, PB1:am4, HA:ea1, NS:am1.1, PA:ea1","ea1:22-003707-003:NA, ea1:22-003707-003:MP, am2.2:22-010445-001:PB2, am8:23-032005-001:NP, am4:23-001855-001:PB1, ea1:22-003707-003:HA, am1.1:22-010085-001:NS, ea1:22-003707-003:PA","98.58%, 98.88%, 98.51%, 98.93%, 99.56%, 98.30%, 98.69%, 98.84%","20, 11, 34, 16, 10, 29, 11, 25",Ran on FASTA - No Coverage Report,USA,2025
18,SRR33993053,WGS,146.19,24058580,PRJNA1102327,SAMN49104721,Viral,8111306,USDA-NVSL,2025,public,"fastq,run.zq,run",s3,s3.us-east-1,SRX29191066,USA,,USA,CATTLE,Illumina iSeq 100,25-016741-001,25-016741-001-original,PAIRED,RANDOM,VIRAL RNA,Influenza A virus,ILLUMINA,2025-06-20,2025-06-16 16:08:45,1,25-016741-001,SRP503016,,"MILK, BULK TANK",SRS25388542,False,,USA,SRR33993053,2025-06-20_06-23-56,SRR33993053.fa,B3.13,"PA:ea1, PB2:am2.2, HA:ea1, NA:ea1, PB1:am4, NP:am8, NS:am1.1, MP:ea1","ea1:22-003707-003:PA, am2.2:22-010445-001:PB2, ea1:22-003707-003:HA, ea1:22-003707-003:NA, am4:23-001855-001:PB1, am8:23-032005-001:NP, am1.1:22-010085-001:NS, ea1:22-003707-003:MP","98.65%, 98.55%, 98.06%, 98.51%, 99.47%, 98.93%, 98.93%, 98.78%","29, 33, 33, 21, 12, 16, 9, 12",Ran on FASTA - No Coverage Report,USA,2025
19,SRR33992696,WGS,148.85,190626822,PRJNA980729,SAMN49104545,Viral,68848188,USDA-NVSL,2025,public,"fastq,run.zq,run","gs,s3","gs.us-east1,s3.us-east-1",SRX29190747,USA,,USA,CHICKEN,NextSeq 2000,25-017216-002,25-017216-002-original,PAIRED,RANDOM,VIRAL RNA,Influenza A virus,ILLUMINA,2025-06-20,2025-06-16 16:07:31,1,25-017216-002,SRP441379,,CLOACAL/OROPHARYNGEAL SWAB POOL,SRS25388223,False,,USA,SRR33992696,2025-06-20_06-23-56,SRR33992696.fa,D1.1,"PB2:am24, NS:ea3, PB1:ea3, PA:am4, NP:am13, HA:ea3, NA:am4N1, MP:ea3","am24:24-030039-001:PB2, ea3:22-013001-001:NS, ea3:22-013001-001:PB1, am4:24-030039-001:PA, am13:24-030039-001:NP, ea3:22-013001-001:HA, am4N1:24-030039-001:NA, ea3:22-013001-001:MP","99.56%, 98.81%, 99.25%, 99.40%, 99.47%, 99.35%, 99.04%, 99.90%","10, 10, 17, 13, 8, 11, 10, 1",Ran on FASTA - No Coverage Report,USA,2025
20,SRR33992697,WGS,148.65,174204267,PRJNA980729,SAMN49104544,Viral,63013857,USDA-NVSL,2025,public,"fastq,run.zq,run",s3,s3.us-east-1,SRX29190746,USA,,USA,CHICKEN,NextSeq 2000,25-017216-001,25-017216-001-original,PAIRED,RANDOM,VIRAL RNA,Influenza A virus,ILLUMINA,2025-06-20,2025-06-16 16:07:14,1,25-017216-001,SRP441379,,CLOACAL/OROPHARYNGEAL SWAB POOL,SRS25388222,False,,USA,SRR33992697,2025-06-20_06-23-56,SRR33992697.fa,D1.1,"MP:ea3, PB1:ea3, NA:am4N1, NS:ea3, PB2:am24, PA:am4, NP:am13, HA:ea3","ea3:22-013001-001:MP, ea3:22-013001-001:PB1, am4N1:24-030039-001:NA, ea3:22-013001-001:NS, am24:24-030039-001:PB2, am4:24-030039-001:PA, am13:24-030039-001:NP, ea3:22-013001-001:HA","100.00%, 99.25%, 99.04%, 98.93%, 99.47%, 99.35%, 99.47%, 99.47%","0, 17, 10, 9, 12, 14, 8, 9",Ran on FASTA - No Coverage Report,USA,2025
21,SRR33992698,WGS,148.81,190847180,PRJNA980729,SAMN49104543,Viral,68670191,USDA-NVSL,2025,public,"fastq,run.zq,run","gs,s3","gs.us-east1,s3.us-east-1",SRX29190745,USA,,USA,CHICKEN,NextSeq 2000,25-017017-005,25-017017-005-original,PAIRED,RANDOM,VIRAL RNA,Influenza A virus,ILLUMINA,2025-06-20,2025-06-16 16:07:12,1,25-017017-005,SRP441379,,OROPHARYNGEAL SWAB,SRS25388221,False,,USA,SRR33992698,2025-06-20_06-23-56,SRR33992698.fa,D1.1,"NP:am13, PB1:ea3, MP:ea3, NS:ea3, HA:ea3, PB2:am24, NA:am4N1, PA:am4","am13:24-030039-001:NP, ea3:22-013001-001:PB1, ea3:22-013001-001:MP, ea3:22-013001-001:NS, ea3:22-013001-001:HA, am24:24-030039-001:PB2, am4N1:24-030039-001:NA, am4:24-030039-001:PA","99.53%, 99.03%, 100.00%, 98.93%, 99.47%, 99.56%, 99.33%, 99.49%","7, 22, 0, 9, 9, 10, 7, 11",Ran on FASTA - No Coverage Report,USA,2025
22,SRR33992699,WGS,149.03,157118049,PRJNA980729,SAMN49104542,Viral,56934198,USDA-NVSL,2025,public,"fastq,run.zq,run","gs,s3","gs.us-east1,s3.us-east-1",SRX29190744,USA,,USA,CHICKEN,NextSeq 2000,25-017017-004,25-017017-004-original,PAIRED,RANDOM,VIRAL RNA,Influenza A virus,ILLUMINA,2025-06-20,2025-06-16 16:07:27,1,25-017017-004,SRP441379,,OROPHARYNGEAL SWAB,SRS25388219,False,,USA,SRR33992699,2025-06-20_06-23-56,SRR33992699.fa,D1.1,"NP:am13, HA:ea3, PB2:am24, PB1:ea3, NA:am4N1, MP:ea3, NS:ea3, PA:am4","am13:24-030039-001:NP, ea3:22-013001-001:HA, am24:24-030039-001:PB2, ea3:22-013001-001:PB1, am4N1:24-030039-001:NA, ea3:22-013001-001:MP, ea3:22-013001-001:NS, am4:24-030039-001:PA","99.47%, 99.47%, 99.52%, 99.16%, 99.04%, 100.00%, 98.81%, 99.44%","8, 9, 11, 19, 10, 0, 10, 12",Ran on FASTA - No Coverage Report,USA,2025
23,SRR33992700,WGS,149.39,85416600,PRJNA980729,SAMN49104541,Viral,30923309,USDA-NVSL,2025,public,"fastq,run.zq,run",s3,s3.us-east-1,SRX29190743,USA,,USA,CHICKEN,NextSeq 2000,25-017017-003,25-017017-003-original,PAIRED,RANDOM,VIRAL RNA,Influenza A virus,ILLUMINA,2025-06-20,2025-06-16 16:07:10,1,25-017017-003,SRP441379,,OROPHARYNGEAL SWAB,SRS25388218,False,,USA,SRR33992700,2025-06-20_06-23-56,SRR33992700.fa,D1.1,"NA:am4N1, NS:ea3, PB1:ea3, HA:ea3, NP:am13, PB2:am24, MP:ea3, PA:am4","am4N1:24-030039-001:NA, ea3:22-013001-001:NS, ea3:22-013001-001:PB1, ea3:22-013001-001:HA, am13:24-030039-001:NP, am24:24-030039-001:PB2, ea3:22-013001-001:MP, am4:24-030039-001:PA","99.04%, 98.81%, 99.16%, 99.41%, 99.40%, 99.52%, 99.90%, 99.40%","10, 10, 19, 10, 9, 11, 1, 13",Ran on FASTA - No Coverage Report,USA,2025
24,SRR33992701,WGS,148.74,215621548,PRJNA980729,SAMN49104540,Viral,77412197,USDA-NVSL,2025,public,"fastq,run",s3,s3.us-east-1,SRX29190742,USA,,USA,CHICKEN,NextSeq 2000,25-016340-002,25-016340-002-original,PAIRED,RANDOM,VIRAL RNA,Influenza A virus,ILLUMINA,2025-06-20,2025-06-16 16:07:12,1,25-016340-002,SRP441379,,OROPHARYNGEAL SWAB,SRS25388220,False,,USA,SRR33992701,2025-06-20_06-23-56,SRR33992701.fa,D1.1,"MP:ea3, PB1:ea3, NS:ea3, HA:ea3, NP:am13, NA:am4N1, PA:am4, PB2:am24","ea3:22-013001-001:MP, ea3:22-013001-001:PB1, ea3:22-013001-001:NS, ea3:22-013001-001:HA, am13:24-030039-001:NP, am4N1:24-030039-001:NA, am4:24-030039-001:PA, am24:24-030039-001:PB2","100.00%, 99.25%, 98.93%, 99.41%, 99.53%, 99.04%, 99.49%, 99.52%","0, 17, 9, 10, 7, 10, 11, 11",Ran on FASTA - No Coverage Report,USA,2025
25,SRR33992702,WGS,148.58,164485298,PRJNA980729,SAMN49104539,Viral,59153989,USDA-NVSL,2025,public,"fastq,run.zq,run",s3,s3.us-east-1,SRX29190741,USA,,USA,CHICKEN,NextSeq 2000,25-016340-001,25-016340-001-original,PAIRED,RANDOM,VIRAL RNA,Influenza A virus,ILLUMINA,2025-06-20,2025-06-16 16:07:11,1,25-016340-001,SRP441379,,OROPHARYNGEAL SWAB,SRS25388217,False,,USA,SRR33992702,2025-06-20_06-23-56,SRR33992702.fa,D1.1,"PB2:am24, NS:ea3, NA:am4N1, NP:am13, PA:am4, MP:ea3, HA:ea3, PB1:ea3","am24:24-030039-001:PB2, ea3:22-013001-001:NS, am4N1:24-030039-001:NA, am13:24-030039-001:NP, am4:24-030039-001:PA, ea3:22-013001-001:MP, ea3:22-013001-001:HA, ea3:22-013001-001:PB1","99.52%, 98.93%, 99.04%, 99.60%, 99.44%, 99.90%, 99.47%, 99.25%","11, 9, 10, 6, 12, 1, 9, 17",Ran on FASTA - No Coverage Report,USA,2025
26,SRR33992703,WGS,147.69,108646876,PRJNA980729,SAMN49104538,Viral,35642264,USDA-NVSL,2025,public,"fastq,run.zq,run",s3,s3.us-east-1,SRX29190740,USA,,USA,CHICKEN,Illumina iSeq 100,25-017017-002,25-017017-002-original,PAIRED,RANDOM,VIRAL RNA,Influenza A virus,ILLUMINA,2025-06-20,2025-06-16 16:07:09,1,25-017017-002,SRP441379,,OROPHARYNGEAL SWAB,SRS25388216,False,,USA,SRR33992703,2025-06-20_06-23-56,SRR33992703.fa,D1.1,"PB1:ea3, MP:ea3, HA:ea3, NP:am13, NA:am4N1, PB2:am24, NS:ea3, PA:am4","ea3:22-013001-001:PB1, ea3:22-013001-001:MP, ea3:22-013001-001:HA, am13:24-030039-001:NP, am4N1:24-030039-001:NA, am24:24-030039-001:PB2, ea3:22-013001-001:NS, am4:24-030039-001:PA","99.16%, 100.00%, 99.41%, 99.53%, 99.04%, 99.52%, 98.93%, 99.44%","19, 0, 10, 7, 10, 11, 9, 12",Ran on FASTA - No Coverage Report,USA,2025
27,SRR33992704,WGS,147.91,73320377,PRJNA980729,SAMN49104537,Viral,24233116,USDA-NVSL,2025,public,"fastq,run.zq,run",s3,s3.us-east-1,SRX29190739,USA,,USA,CHICKEN,Illumina iSeq 100,25-017017-001,25-017017-001-original,PAIRED,RANDOM,VIRAL RNA,Influenza A virus,ILLUMINA,2025-06-20,2025-06-16 16:07:12,1,25-017017-001,SRP441379,,OROPHARYNGEAL SWAB,SRS25388215,False,,USA,SRR33992704,2025-06-20_06-23-56,SRR33992704.fa,D1.1,"PB1:ea3, PB2:am24, NA:am4N1, MP:ea3, PA:am4, NP:am13, NS:ea3, HA:ea3","ea3:22-013001-001:PB1, am24:24-030039-001:PB2, am4N1:24-030039-001:NA, ea3:22-013001-001:MP, am4:24-030039-001:PA, am13:24-030039-001:NP, ea3:22-013001-001:NS, ea3:22-013001-001:HA","99.16%, 99.56%, 99.04%, 100.00%, 99.49%, 99.60%, 98.81%, 99.47%","19, 10, 10, 0, 11, 6, 10, 9",Ran on FASTA - No Coverage Report,USA,2025
28,SRR33993166,WGS,147.75,60982523,PRJNA1219588,SAMN49104924,Viral,19939253,USDA-NVSL,2025,public,"run,run.zq,fastq","gs,s3","gs.us-east1,s3.us-east-1",SRX29191209,USA,,USA,CATTLE,Illumina iSeq 100,25-016765-001,25-016765-001-original,PAIRED,RANDOM,VIRAL RNA,Influenza A virus,ILLUMINA,2025-06-20,2025-06-16 16:08:50,1,25-016765-001,SRP561968,,"MILK, BULK TANK",SRS25388683,False,,USA,SRR33993166,2025-06-21_06-23-00,SRR33993166.fa,D1.1,"NA:am4N1, NS:ea3, NP:am13, PB1:ea3, PB2:am24, HA:ea3, MP:ea3, PA:am4","am4N1:24-030039-001:NA, ea3:22-013001-001:NS, am13:24-030039-001:NP, ea3:22-013001-001:PB1, am24:24-030039-001:PB2, ea3:22-013001-001:HA, ea3:22-013001-001:MP, am4:24-030039-001:PA","98.95%, 98.93%, 99.53%, 99.21%, 99.61%, 99.47%, 99.90%, 99.49%","11, 9, 7, 18, 9, 9, 1, 11",Ran on FASTA - No Coverage Report,USA,2025
29,SRR33993059,WGS,148.77,139963922,PRJNA1207547,SAMN49104770,Viral,50446456,USDA-NVSL,2025,public,"run,run.zq,fastq","gs,s3","gs.us-east1,s3.us-east-1",SRX29191110,USA,,USA,TURKEY VULTURE,NextSeq 2000,25-016857-001,25-016857-001-original,PAIRED,RANDOM,VIRAL RNA,Influenza A virus,ILLUMINA,2025-06-20,2025-06-16 16:08:31,1,25-016857-001,SRP557452,,BLOOD SWAB,SRS25388585,False,,USA,SRR33993059,2025-06-21_06-23-00,SRR33993059.fa,D1.1,"PB1:ea3, PB2:am24, MP:ea3, PA:am4, NP:am13, HA:ea3, NS:ea3, NA:am4N1","ea3:22-013001-001:PB1, am24:24-030039-001:PB2, ea3:22-013001-001:MP, am4:24-030039-001:PA, am13:24-030039-001:NP, ea3:22-013001-001:HA, ea3:22-013001-001:NS, am4N1:24-030039-001:NA","99.25%, 99.74%, 99.69%, 99.63%, 99.87%, 99.41%, 99.17%, 98.85%","17, 6, 3, 8, 2, 10, 7, 13",Ran on FASTA - No Coverage Report,USA,2025
31,SRR33993061,WGS,147.2,363257804,PRJNA1207547,SAMN49104768,Viral,129254335,USDA-NVSL,2025,public,"run,run.zq,fastq","gs,s3","gs.us-east1,s3.us-east-1",SRX29191108,USA,,USA,RED FOX,NextSeq 2000,25-017245-001,25-017245-001-original,PAIRED,RANDOM,VIRAL RNA,Influenza A virus,ILLUMINA,2025-06-20,2025-06-16 16:08:50,1,25-017245-001,SRP557452,,brain,SRS25388583,False,,USA,SRR33993061,2025-06-21_06-23-00,SRR33993061.fa,D1.1,"NP:am13, NS:ea3, PA:am4, HA:ea3, PB2:am24, PB1:ea3, NA:am4N1, MP:ea3","am13:24-030039-001:NP, ea3:22-013001-001:NS, am4:24-030039-001:PA, ea3:22-013001-001:HA, am24:24-030039-001:PB2, ea3:22-013001-001:PB1, am4N1:24-030039-001:NA, ea3:22-013001-001:MP","99.53%, 99.28%, 98.37%, 99.41%, 99.74%, 99.38%, 98.94%, 99.80%","7, 6, 35, 10, 6, 14, 12, 2",Ran on FASTA - No Coverage Report,USA,2025
33,SRR33993063,WGS,145.42,526460773,PRJNA1207547,SAMN49104766,Viral,186161216,USDA-NVSL,2025,public,"run,run.zq,fastq","gs,s3","gs.us-east1,s3.us-east-1",SRX29191106,USA,,USA,BLACK VULTURE,NextSeq 2000,25-017253-001,25-017253-001-original,PAIRED,RANDOM,VIRAL RNA,Influenza A virus,ILLUMINA,2025-06-20,2025-06-16 16:08:36,1,25-017253-001,SRP557452,,CLOACAL/TRACHEAL SWAB POOL,SRS25388581,False,,USA,SRR33993063,2025-06-21_06-23-00,SRR33993063.fa,D1.1,"NP:am13, HA:ea3, MP:ea3, PB1:ea3, NA:am4N1, NS:ea3, PB2:am24, PA:am4","am13:24-030039-001:NP, ea3:22-013001-001:HA, ea3:22-013001-001:MP, ea3:22-013001-001:PB1, am4N1:24-030039-001:NA, ea3:22-013001-001:NS, am24:24-030039-001:PB2, am4:24-030039-001:PA","99.80%, 99.18%, 99.90%, 99.34%, 99.30%, 99.17%, 99.87%, 99.54%","3, 14, 1, 15, 8, 7, 3, 8",Ran on FASTA - No Coverage Report,USA,2025
34,SRR33993064,WGS,147.24,444362470,PRJNA1207547,SAMN49104765,Viral,157991689,USDA-NVSL,2025,public,"run,run.zq,fastq","gs,s3","gs.us-east1,s3.us-east-1",SRX29191105,USA,,USA,BLACK VULTURE,NextSeq 2000,25-017251-001,25-017251-001-original,PAIRED,RANDOM,VIRAL RNA,Influenza A virus,ILLUMINA,2025-06-20,2025-06-16 16:08:50,1,25-017251-001,SRP557452,,CLOACAL/TRACHEAL SWAB POOL,SRS25388580,False,,USA,SRR33993064,2025-06-21_06-23-00,SRR33993064.fa,D1.1,"HA:ea3, PA:am4, NP:am13, NA:am4N1, NS:ea3, MP:ea3, PB1:ea3, PB2:am24","ea3:22-013001-001:HA, am4:24-030039-001:PA, am13:24-030039-001:NP, am4N1:24-030039-001:NA, ea3:22-013001-001:NS, ea3:22-013001-001:MP, ea3:22-013001-001:PB1, am24:24-030039-001:PB2","99.24%, 99.60%, 99.80%, 99.04%, 99.17%, 99.90%, 99.34%, 99.78%","13, 7, 3, 11, 7, 1, 15, 5",Ran on FASTA - No Coverage Report,USA,2025
35,SRR33993065,WGS,148.27,105099746,PRJNA1207547,SAMN49104764,Viral,37665516,USDA-NVSL,2025,public,"run,run.zq,fastq","gs,s3","gs.us-east1,s3.us-east-1",SRX29191104,USA,,USA,BALD EAGLE,NextSeq 2000,25-017061-002,25-017061-002-original,PAIRED,RANDOM,VIRAL RNA,Influenza A virus,ILLUMINA,2025-06-20,2025-06-16 16:08:23,1,25-017061-002,SRP557452,,CLOACAL/TRACHEAL SWAB POOL,SRS25388579,False,,USA,SRR33993065,2025-06-21_06-23-00,SRR33993065.fa,D1.1,"NP:am13, HA:ea3, NA:am4N1, PB1:ea3, NS:ea3, MP:ea3, PB2:am24, PA:am4","am13:24-030039-001:NP, ea3:22-013001-001:HA, am4N1:24-030039-001:NA, ea3:22-013001-001:PB1, ea3:22-013001-001:NS, ea3:22-013001-001:MP, am24:24-030039-001:PB2, am4:24-030039-001:PA","99.67%, 99.53%, 99.62%, 98.89%, 99.17%, 99.69%, 99.54%, 99.77%","5, 8, 4, 9, 7, 3, 3, 2",Ran on FASTA - No Coverage Report,USA,2025
36,SRR33993066,WGS,148.29,96593730,PRJNA1207547,SAMN49104763,Viral,34777840,USDA-NVSL,2025,public,"run,run.zq,fastq","gs,s3","gs.us-east1,s3.us-east-1",SRX29191103,USA,,USA,BALD EAGLE,NextSeq 2000,25-017061-001,25-017061-001-original,PAIRED,RANDOM,VIRAL RNA,Influenza A virus,ILLUMINA,2025-06-20,2025-06-16 16:08:25,1,25-017061-001,SRP557452,,CLOACAL/TRACHEAL SWAB POOL,SRS25388578,False,,USA,SRR33993066,2025-06-21_06-23-00,SRR33993066.fa,D1.1,"HA:ea3, MP:ea3, PA:am4, NA:am4N1, NS:ea3, NP:am13, PB2:am24, PB1:ea3","ea3:22-013001-001:HA, ea3:22-013001-001:MP, am4:24-030039-001:PA, am4N1:24-030039-001:NA, ea3:22-013001-001:NS, am13:24-030039-001:NP, am24:24-030039-001:PB2, ea3:22-013001-001:PB1","99.65%, 99.90%, 100.00%, 99.23%, 98.81%, 99.93%, 99.83%, 99.75%","6, 1, 0, 8, 10, 1, 1, 1",Ran on FASTA - No Coverage Report,USA,2025
37,SRR33993029,WGS,147.61,522807379,PRJNA1102327,SAMN49104751,Viral,185607037,USDA-NVSL,2025,public,"run,run.zq,fastq","gs,s3","gs.us-east1,s3.us-east-1",SRX29191090,USA,,USA,CATTLE,NextSeq 2000,25-017377-003,25-017377-003-original,PAIRED,RANDOM,VIRAL RNA,Influenza A virus,ILLUMINA,2025-06-20,2025-06-16 16:08:52,1,25-017377-003,SRP503016,,"MILK, BULK TANK",SRS25388566,False,,USA,SRR33993029,2025-06-21_06-23-00,SRR33993029.fa,B3.13,"NP:am8, NS:am1.1, MP:ea1, NA:ea1, PB1:am4, PA:ea1, HA:ea1, PB2:am2.2","am8:23-032005-001:NP, am1.1:22-010085-001:NS, ea1:22-003707-003:MP, ea1:22-003707-003:NA, am4:23-001855-001:PB1, ea1:22-003707-003:PA, ea1:22-003707-003:HA, am2.2:22-010445-001:PB2","98.86%, 98.69%, 98.88%, 98.51%, 99.12%, 98.88%, 98.06%, 98.33%","17, 11, 11, 21, 20, 24, 33, 38",Ran on FASTA - No Coverage Report,USA,2025
38,SRR33993031,WGS,147.26,104663426,PRJNA1102327,SAMN49104750,Viral,37254008,USDA-NVSL,2025,public,"run,run.zq,fastq","gs,s3","gs.us-east1,s3.us-east-1",SRX29191088,USA,,USA,CATTLE,NextSeq 2000,25-017376-009,25-017376-009-original,PAIRED,RANDOM,VIRAL RNA,Influenza A virus,ILLUMINA,2025-06-20,2025-06-16 16:08:34,1,25-017376-009,SRP503016,,"MILK, BULK TANK",SRS25388565,False,,USA,SRR33993031,2025-06-21_06-23-00,SRR33993031.fa,B3.13,"NS:am1.1, PA:ea1, MP:ea1, NP:am8, HA:ea1, NA:ea1, PB2:am2.2, PB1:am4","am1.1:22-010085-001:NS, ea1:22-003707-003:PA, ea1:22-003707-003:MP, am8:23-032005-001:NP, ea1:22-003707-003:HA, ea1:22-003707-003:NA, am2.2:22-010445-001:PB2, am4:23-001855-001:PB1","98.93%, 98.88%, 98.78%, 98.93%, 98.30%, 98.72%, 98.51%, 99.34%","9, 24, 12, 16, 29, 18, 34, 15",Ran on FASTA - No Coverage Report,USA,2025
39,SRR33993032,WGS,147.52,235901105,PRJNA1102327,SAMN49104749,Viral,83722829,USDA-NVSL,2025,public,"run,run.zq,fastq","gs,s3","gs.us-east1,s3.us-east-1",SRX29191087,USA,,USA,CATTLE,NextSeq 2000,25-017376-008,25-017376-008-original,PAIRED,RANDOM,VIRAL RNA,Influenza A virus,ILLUMINA,2025-06-20,2025-06-16 16:08:37,1,25-017376-008,SRP503016,,"MILK, BULK TANK",SRS25388563,False,,USA,SRR33993032,2025-06-21_06-23-00,SRR33993032.fa,B3.13,"MP:ea1, NA:ea1, PA:ea1, PB2:am2.2, HA:ea1, PB1:am4, NP:am8, NS:am1.1","ea1:22-003707-003:MP, ea1:22-003707-003:NA, ea1:22-003707-003:PA, am2.2:22-010445-001:PB2, ea1:22-003707-003:HA, am4:23-001855-001:PB1, am8:23-032005-001:NP, am1.1:22-010085-001:NS","98.78%, 98.72%, 98.88%, 98.51%, 98.30%, 99.38%, 98.93%, 98.93%","12, 18, 24, 34, 29, 14, 16, 9",Ran on FASTA - No Coverage Report,USA,2025
40,SRR33993033,WGS,148.12,209453718,PRJNA1102327,SAMN49104748,Viral,74406813,USDA-NVSL,2025,public,"run,run.zq,fastq","gs,s3","gs.us-east1,s3.us-east-1",SRX29191086,USA,,USA,CATTLE,NextSeq 2000,25-017376-007,25-017376-007-original,PAIRED,RANDOM,VIRAL RNA,Influenza A virus,ILLUMINA,2025-06-20,2025-06-16 16:08:38,1,25-017376-007,SRP503016,,"MILK, BULK TANK",SRS25388562,False,,USA,SRR33993033,2025-06-21_06-23-00,SRR33993033.fa,B3.13,"PA:ea1, NP:am8, MP:ea1, PB2:am2.2, NA:ea1, PB1:am4, NS:am1.1, HA:ea1","ea1:22-003707-003:PA, am8:23-032005-001:NP, ea1:22-003707-003:MP, am2.2:22-010445-001:PB2, ea1:22-003707-003:NA, am4:23-001855-001:PB1, am1.1:22-010085-001:NS, ea1:22-003707-003:HA","98.88%, 98.93%, 98.78%, 98.51%, 98.72%, 99.34%, 98.93%, 98.30%","24, 16, 12, 34, 18, 15, 9, 29",Ran on FASTA - No Coverage Report,USA,2025
41,SRR33993034,WGS,148.01,200396122,PRJNA1102327,SAMN49104747,Viral,71084273,USDA-NVSL,2025,public,"run,run.zq,fastq","gs,s3","gs.us-east1,s3.us-east-1",SRX29191085,USA,,USA,CATTLE,NextSeq 2000,25-017376-006,25-017376-006-original,PAIRED,RANDOM,VIRAL RNA,Influenza A virus,ILLUMINA,2025-06-20,2025-06-16 16:08:20,1,25-017376-006,SRP503016,,"MILK, BULK TANK",SRS25388561,False,,USA,SRR33993034,2025-06-21_06-23-00,SRR33993034.fa,B3.13,"PA:ea1, NP:am8, HA:ea1, NS:am1.1, NA:ea1, PB2:am2.2, MP:ea1, PB1:am4","ea1:22-003707-003:PA, am8:23-032005-001:NP, ea1:22-003707-003:HA, am1.1:22-010085-001:NS, ea1:22-003707-003:NA, am2.2:22-010445-001:PB2, ea1:22-003707-003:MP, am4:23-001855-001:PB1","98.88%, 98.93%, 98.30%, 98.93%, 98.72%, 98.51%, 98.78%, 99.34%","24, 16, 29, 9, 18, 34, 12, 15",Ran on FASTA - No Coverage Report,USA,2025
42,SRR33993035,WGS,148.26,208159405,PRJNA1102327,SAMN49104746,Viral,74388676,USDA-NVSL,2025,public,"run,run.zq,fastq","gs,s3","gs.us-east1,s3.us-east-1",SRX29191084,USA,,USA,CATTLE,NextSeq 2000,25-017376-005,25-017376-005-original,PAIRED,RANDOM,VIRAL RNA,Influenza A virus,ILLUMINA,2025-06-20,2025-06-16 16:08:26,1,25-017376-005,SRP503016,,"MILK, BULK TANK",SRS25388560,False,,USA,SRR33993035,2025-06-21_06-23-00,SRR33993035.fa,B3.13,"NA:ea1, HA:ea1, NS:am1.1, PB1:am4, MP:ea1, PB2:am2.2, NP:am8, PA:ea1","ea1:22-003707-003:NA, ea1:22-003707-003:HA, am1.1:22-010085-001:NS, am4:23-001855-001:PB1, ea1:22-003707-003:MP, am2.2:22-010445-001:PB2, am8:23-032005-001:NP, ea1:22-003707-003:PA","98.72%, 98.30%, 98.93%, 99.34%, 98.78%, 98.51%, 98.93%, 98.88%","18, 29, 9, 15, 12, 34, 16, 24",Ran on FASTA - No Coverage Report,USA,2025
43,SRR33993036,WGS,148.05,209968472,PRJNA1102327,SAMN49104745,Viral,75064716,USDA-NVSL,2025,public,"run,run.zq,fastq","gs,s3","gs.us-east1,s3.us-east-1",SRX29191083,USA,,USA,CATTLE,NextSeq 2000,25-017376-004,25-017376-004-original,PAIRED,RANDOM,VIRAL RNA,Influenza A virus,ILLUMINA,2025-06-20,2025-06-16 16:08:19,1,25-017376-004,SRP503016,,"MILK, BULK TANK",SRS25388559,False,,USA,SRR33993036,2025-06-21_06-23-00,SRR33993036.fa,B3.13,"NA:ea1, HA:ea1, PA:ea1, MP:ea1, PB1:am4, NS:am1.1, PB2:am2.2, NP:am8","ea1:22-003707-003:NA, ea1:22-003707-003:HA, ea1:22-003707-003:PA, ea1:22-003707-003:MP, am4:23-001855-001:PB1, am1.1:22-010085-001:NS, am2.2:22-010445-001:PB2, am8:23-032005-001:NP","98.72%, 98.30%, 98.88%, 98.78%, 99.34%, 98.93%, 98.51%, 98.93%","18, 29, 24, 12, 15, 9, 34, 16",Ran on FASTA - No Coverage Report,USA,2025
44,SRR33993037,WGS,148.35,221485032,PRJNA1102327,SAMN49104744,Viral,78792165,USDA-NVSL,2025,public,"run,run.zq,fastq","gs,s3","gs.us-east1,s3.us-east-1",SRX29191082,USA,,USA,CATTLE,NextSeq 2000,25-017376-003,25-017376-003-original,PAIRED,RANDOM,VIRAL RNA,Influenza A virus,ILLUMINA,2025-06-20,2025-06-16 16:08:21,1,25-017376-003,SRP503016,,"MILK, BULK TANK",SRS25388558,False,,USA,SRR33993037,2025-06-21_06-23-00,SRR33993037.fa,B3.13,"HA:ea1, NA:ea1, PB2:am2.2, NP:am8, MP:ea1, PA:ea1, NS:am1.1, PB1:am4","ea1:22-003707-003:HA, ea1:22-003707-003:NA, am2.2:22-010445-001:PB2, am8:23-032005-001:NP, ea1:22-003707-003:MP, ea1:22-003707-003:PA, am1.1:22-010085-001:NS, am4:23-001855-001:PB1","98.30%, 98.72%, 98.51%, 98.93%, 98.78%, 98.88%, 98.93%, 99.34%","29, 18, 34, 16, 12, 24, 9, 15",Ran on FASTA - No Coverage Report,USA,2025
45,SRR33993038,WGS,148.07,190312401,PRJNA1102327,SAMN49104743,Viral,67965403,USDA-NVSL,2025,public,"run,run.zq,fastq","gs,s3","gs.us-east1,s3.us-east-1",SRX29191081,USA,,USA,CATTLE,NextSeq 2000,25-017376-002,25-017376-002-original,PAIRED,RANDOM,VIRAL RNA,Influenza A virus,ILLUMINA,2025-06-20,2025-06-16 19:54:22,1,25-017376-002,SRP503016,,"MILK, BULK TANK",SRS25388557,False,,USA,SRR33993038,2025-06-21_06-23-00,SRR33993038.fa,B3.13,"PB1:am4, NA:ea1, HA:ea1, PA:ea1, NP:am8, PB2:am2.2, MP:ea1, NS:am1.1","am4:23-001855-001:PB1, ea1:22-003707-003:NA, ea1:22-003707-003:HA, ea1:22-003707-003:PA, am8:23-032005-001:NP, am2.2:22-010445-001:PB2, ea1:22-003707-003:MP, am1.1:22-010085-001:NS","99.34%, 98.72%, 98.30%, 98.88%, 98.93%, 98.51%, 98.78%, 98.93%","15, 18, 29, 24, 16, 34, 12, 9",Ran on FASTA - No Coverage Report,USA,2025
46,SRR33993039,WGS,147.66,790397536,PRJNA1102327,SAMN49104742,Viral,282137009,USDA-NVSL,2025,public,"run,run.zq,fastq","gs,s3","gs.us-east1,s3.us-east-1",SRX29191080,USA,,USA,CATTLE,NextSeq 2000,25-017376-001,25-017376-001-original,PAIRED,RANDOM,VIRAL RNA,Influenza A virus,ILLUMINA,2025-06-20,2025-06-16 16:08:39,1,25-017376-001,SRP503016,,"MILK, BULK TANK",SRS25388556,False,,USA,SRR33993039,2025-06-21_06-23-00,SRR33993039.fa,B3.13,"MP:ea1, PB1:am4, PA:ea1, PB2:am2.2, NP:am8, HA:ea1, NA:ea1, NS:am1.1","ea1:22-003707-003:MP, am4:23-001855-001:PB1, ea1:22-003707-003:PA, am2.2:22-010445-001:PB2, am8:23-032005-001:NP, ea1:22-003707-003:HA, ea1:22-003707-003:NA, am1.1:22-010085-001:NS","98.78%, 99.34%, 98.88%, 98.51%, 98.93%, 98.30%, 98.72%, 98.93%","12, 15, 24, 34, 16, 29, 18, 9",Ran on FASTA - No Coverage Report,USA,2025
47,SRR33993040,WGS,148.06,535205498,PRJNA1102327,SAMN49104741,Viral,189952374,USDA-NVSL,2025,public,"run,run.zq,fastq","gs,s3","gs.us-east1,s3.us-east-1",SRX29191079,USA,,USA,CATTLE,NextSeq 2000,25-017370-004,25-017370-004-original,PAIRED,RANDOM,VIRAL RNA,Influenza A virus,ILLUMINA,2025-06-20,2025-06-16 16:08:29,1,25-017370-004,SRP503016,,"MILK, BULK TANK",SRS25388555,False,,USA,SRR33993040,2025-06-21_06-23-00,SRR33993040.fa,B3.13,"PA:ea1, MP:ea1, PB2:am2.2, NS:am1.1, PB1:am4, NP:am8, HA:ea1, NA:ea1","ea1:22-003707-003:PA, ea1:22-003707-003:MP, am2.2:22-010445-001:PB2, am1.1:22-010085-001:NS, am4:23-001855-001:PB1, am8:23-032005-001:NP, ea1:22-003707-003:HA, ea1:22-003707-003:NA","98.75%, 98.78%, 98.55%, 99.05%, 99.34%, 98.93%, 98.42%, 98.65%","27, 12, 33, 8, 15, 16, 27, 19",Ran on FASTA - No Coverage Report,USA,2025
48,SRR33993042,WGS,147.81,668807754,PRJNA1102327,SAMN49104740,Viral,236759389,USDA-NVSL,2025,public,"run,run.zq,fastq","gs,s3","gs.us-east1,s3.us-east-1",SRX29191077,USA,,USA,CATTLE,NextSeq 2000,25-017370-003,25-017370-003-original,PAIRED,RANDOM,VIRAL RNA,Influenza A virus,ILLUMINA,2025-06-20,2025-06-16 16:08:56,1,25-017370-003,SRP503016,,"MILK, BULK TANK",SRS25388553,False,,USA,SRR33993042,2025-06-21_06-23-00,SRR33993042.fa,B3.13,"NS:am1.1, PB1:am4, HA:ea1, NA:ea1, PB2:am2.2, MP:ea1, PA:ea1, NP:am8","am1.1:22-010085-001:NS, am4:23-001855-001:PB1, ea1:22-003707-003:HA, ea1:22-003707-003:NA, am2.2:22-010445-001:PB2, ea1:22-003707-003:MP, ea1:22-003707-003:PA, am8:23-032005-001:NP","99.05%, 99.30%, 98.42%, 98.65%, 98.51%, 98.78%, 98.70%, 98.93%","8, 16, 27, 19, 34, 12, 28, 16",Ran on FASTA - No Coverage Report,USA,2025
50,SRR34270246,WGS,148.47,161623240,PRJNA1207547,SAMN49684899,Viral,62260970,USDA-NVSL,2025,public,"fastq,run.zq,run","s3,gs","s3.us-east-1,gs.us-east1",SRX29444050,USA,,USA,RED-TAILED HAWK,NextSeq 2000,25-017513-001,25-017513-001-original,PAIRED,RANDOM,VIRAL RNA,Influenza A virus,ILLUMINA,2025-06-27,2025-06-27 13:14:39,1,25-017513-001,SRP557452,,BLOOD SWAB,SRS25589975,False,,USA,SRR34270246,2025-06-28_06-29-39,SRR34270246.fa,D1.1,"PB1:ea3, PA:am4, HA:ea3, MP:ea3, NA:am4N1, PB2:am24, NS:ea3, NP:am13","ea3:22-013001-001:PB1, am4:24-030039-001:PA, ea3:22-013001-001:HA, ea3:22-013001-001:MP, am4N1:24-030039-001:NA, am24:24-030039-001:PB2, ea3:22-013001-001:NS, am13:24-030039-001:NP","99.34%, 99.66%, 99.47%, 100.00%, 99.48%, 99.65%, 98.93%, 99.73%","12, 6, 9, 0, 6, 8, 9, 4",Ran on FASTA - No Coverage Report,USA,2025
53,SRR34270249,WGS,148.66,221383660,PRJNA1207547,SAMN49684896,Viral,85194575,USDA-NVSL,2025,public,"fastq,run.zq,run","s3,gs","s3.us-east-1,gs.us-east1",SRX29444047,USA,,USA,GREAT-TAILED GRACKLE,NextSeq 2000,25-017483-010,25-017483-010-original,PAIRED,RANDOM,VIRAL RNA,Influenza A virus,ILLUMINA,2025-06-27,2025-06-27 13:14:45,1,25-017483-010,SRP557452,,CLOACAL/OROPHARYNGEAL SWAB POOL,SRS25589972,False,,USA,SRR34270249,2025-06-28_06-29-38,SRR34270249.fa,D1.1,"PB1:ea3, NS:ea3, PB2:am24, NA:am4N1, HA:ea3, PA:am4, NP:am13, MP:ea3","ea3:22-013001-001:PB1, ea3:22-013001-001:NS, am24:24-030039-001:PB2, am4N1:24-030039-001:NA, ea3:22-013001-001:HA, am4:24-030039-001:PA, am13:24-030039-001:NP, ea3:22-013001-001:MP","99.16%, 98.93%, 99.56%, 99.04%, 99.47%, 99.44%, 99.53%, 100.00%","19, 9, 10, 10, 9, 12, 7, 0",Ran on FASTA - No Coverage Report,USA,2025
56,SRR34270252,WGS,146.56,305934420,PRJNA1207547,SAMN49684893,Viral,108219767,USDA-NVSL,2024,public,"fastq,run.zq,run","s3,gs","s3.us-east-1,gs.us-east1",SRX29444044,USA,,USA,BOTTLENOSE DOLPHIN,NextSeq 2000,24-028949-003,24-028949-003-original,PAIRED,RANDOM,VIRAL RNA,Influenza A virus,ILLUMINA,2025-06-27,2025-06-27 13:14:45,1,24-028949-003,SRP557452,,SPINAL CORD,SRS25589969,False,,USA,SRR34270252,2025-06-28_06-29-38,SRR34270252.fa,C3.1,"PB1:am10, MP:ea1, NP:am5, HA:ea2, PA:ea1, PB2:am22, NA:ea2, NS:am5","am10:22-038433-002:PB1, ea1:22-003707-003:MP, am5:23-013078-002:NP, ea2:23-030074-013:HA, ea1:22-003707-003:PA, am22:24-001196-005:PB2, ea2:23-004612-024:NA, am5:24-001196-005:NS","98.42%, 99.19%, 98.80%, 99.71%, 99.67%, 99.78%, 99.79%, 98.67%","36, 8, 18, 5, 7, 5, 3, 2",Ran on FASTA - No Coverage Report,USA,2024
57,SRR34270253,WGS,146.59,191484632,PRJNA1207547,SAMN49684910,Viral,64710745,USDA-NVSL,2024,public,"fastq,run.zq,run","s3,gs","s3.us-east-1,gs.us-east1",SRX29444043,USA,,USA,RED FOX,NextSeq 2000,24-020141-001,24-020141-001-original,PAIRED,RANDOM,VIRAL RNA,Influenza A virus,ILLUMINA,2025-06-27,2025-06-27 13:14:41,1,24-020141-001,SRP557452,,BLOOD SWAB,SRS25589968,False,,USA,SRR34270253,2025-06-28_06-29-38,SRR34270253.fa,B3.2,"PA:ea1, NS:am1.1, HA:ea1, PB1:am1.2, NA:ea1, PB2:am2.1, MP:ea1, NP:am1.4.1","ea1:22-003707-003:PA, am1.1:22-010085-001:NS, ea1:22-003707-003:HA, am1.2:22-010085-001:PB1, ea1:22-003707-003:NA, am2.1:22-009329-001:PB2, ea1:22-003707-003:MP, am1.4.1:22-009329-001:NP","99.72%, 99.76%, 99.71%, 100.00%, 99.79%, 99.74%, 99.80%, 99.93%","6, 2, 5, 0, 3, 6, 2, 1",Ran on FASTA - No Coverage Report,USA,2024
58,SRR34270254,WGS,147.22,172959588,PRJNA1207547,SAMN49684909,Viral,59423016,USDA-NVSL,2024,public,"fastq,run.zq,run","s3,gs","s3.us-east-1,gs.us-east1",SRX29444042,USA,,USA,RED FOX,NextSeq 2000,24-017742-001,24-017742-001-original,PAIRED,RANDOM,VIRAL RNA,Influenza A virus,ILLUMINA,2025-06-27,2025-06-27 13:14:48,1,24-017742-001,SRP557452,,nasal swab,SRS25589967,False,,USA,SRR34270254,2025-06-28_06-29-38,SRR34270254.fa,C2.1,"PB2:am19, PA:am3, PB1:am20, NA:ea2, MP:ea1, NP:ea1, NS:ea1, HA:ea2","am19:23-036193-005:PB2, am3:23-036657-001:PA, am20:23-036657-001:PB1, ea2:23-004612-024:NA, ea1:22-003707-003:MP, ea1:22-003707-003:NP, ea1:22-003707-003:NS, ea2:23-030074-013:HA","99.65%, 99.44%, 99.60%, 99.79%, 99.39%, 99.51%, 98.57%, 99.59%","8, 12, 9, 3, 6, 6, 12, 7",Ran on FASTA - No Coverage Report,USA,2024
59,SRR34270255,WGS,146.25,13573095,PRJNA1207547,SAMN49684908,Viral,4223951,USDA-NVSL,2024,public,"fastq,run.zq,run","s3,gs","s3.us-east-1,gs.us-east1",SRX29444041,USA,,USA,RED FOX,Illumina iSeq 100,24-010726-001,24-010726-001-original,PAIRED,RANDOM,VIRAL RNA,Influenza A virus,ILLUMINA,2025-06-27,2025-06-27 13:14:32,1,24-010726-001,SRP557452,,OROPHARYNGEAL SWAB,SRS25589966,False,,USA,SRR34270255,2025-06-28_06-29-39,SRR34270255.fa,Minor92,"PB1:ea2, NS:am1.2, MP:ea1, HA:ea2, PA:ea1, PB2:am23, NA:ea2, NP:am10","ea2:23-004612-024:PB1, am1.2:22-010668-001:NS, ea1:22-003707-003:MP, ea2:23-030074-013:HA, ea1:22-003707-003:PA, am23:24-010726-001:PB2, ea2:23-004612-024:NA, am10:23-032269-033:NP","99.25%, 98.93%, 99.59%, 99.47%, 99.49%, 99.74%, 99.57%, 99.60%","11, 9, 4, 9, 11, 6, 6, 6",Ran on FASTA - No Coverage Report,USA,2024
60,SRR34270256,WGS,213.05,44819435,PRJNA1207547,SAMN49684907,Viral,25662023,USDA-NVSL,2024,public,"fastq,run.zq,run","s3,gs","s3.us-east-1,gs.us-east1",SRX29444040,USA,,USA,BOBCAT,Illumina MiSeq,24-009317-002,24-009317-002-original,PAIRED,RANDOM,VIRAL RNA,Influenza A virus,ILLUMINA,2025-06-27,2025-06-27 13:14:39,1,24-009317-002,SRP557452,,lung,SRS25589965,False,,USA,SRR34270256,2025-06-28_06-29-38,SRR34270256.fa,C2.1,"NS:ea1, NP:ea1, PA:am3, NA:ea2, PB2:am19, HA:ea2, PB1:am20, MP:ea1","ea1:22-003707-003:NS, ea1:22-003707-003:NP, am3:23-036657-001:PA, ea2:23-004612-024:NA, am19:23-036193-005:PB2, ea2:23-030074-013:HA, am20:23-036657-001:PB1, ea1:22-003707-003:MP","98.93%, 99.53%, 99.63%, 99.79%, 99.12%, 99.82%, 99.52%, 99.29%","9, 7, 8, 3, 20, 3, 11, 7",Ran on FASTA - No Coverage Report,USA,2024
61,SRR34270257,WGS,221.62,49664244,PRJNA1207547,SAMN49684906,Viral,26916542,USDA-NVSL,2024,public,"fastq,run.zq,run","s3,gs","s3.us-east-1,gs.us-east1",SRX29444039,USA,,USA,BOBCAT,Illumina MiSeq,24-009317-001,24-009317-001-original,PAIRED,RANDOM,VIRAL RNA,Influenza A virus,ILLUMINA,2025-06-27,2025-06-27 13:14:42,1,24-009317-001,SRP557452,,brain,SRS25589964,False,,USA,SRR34270257,2025-06-28_06-29-39,SRR34270257.fa,C2.1,"PB2:am19, MP:ea1, NP:ea1, NS:ea1, PB1:am20, NA:ea2, PA:am3, HA:ea2","am19:23-036193-005:PB2, ea1:22-003707-003:MP, ea1:22-003707-003:NP, ea1:22-003707-003:NS, am20:23-036657-001:PB1, ea2:23-004612-024:NA, am3:23-036657-001:PA, ea2:23-030074-013:HA","99.78%, 99.29%, 99.60%, 98.93%, 99.56%, 99.79%, 99.58%, 99.82%","5, 7, 6, 9, 10, 3, 9, 3",Ran on FASTA - No Coverage Report,USA,2024
62,SRR34270258,WGS,148.53,206414373,PRJNA1207547,SAMN49684905,Viral,79031026,USDA-NVSL,2025,public,"fastq,run.zq,run","s3,gs","s3.us-east-1,gs.us-east1",SRX29444038,USA,,USA,BLACK VULTURE,NextSeq 2000,25-017748-002,25-017748-002-original,PAIRED,RANDOM,VIRAL RNA,Influenza A virus,ILLUMINA,2025-06-27,2025-06-27 13:14:40,1,25-017748-002,SRP557452,,CLOACAL/TRACHEAL SWAB POOL,SRS25589963,False,,USA,SRR34270258,2025-06-28_06-29-38,SRR34270258.fa,D1.1,"NA:am4N1, PB2:am24, MP:ea3, PA:am4, PB1:ea3, NS:ea3, HA:ea3, NP:am13","am4N1:24-030039-001:NA, am24:24-030039-001:PB2, ea3:22-013001-001:MP, am4:24-030039-001:PA, ea3:22-013001-001:PB1, ea3:22-013001-001:NS, ea3:22-013001-001:HA, am13:24-030039-001:NP","99.13%, 99.78%, 99.90%, 99.60%, 99.38%, 99.17%, 99.24%, 99.80%","10, 5, 1, 7, 14, 7, 13, 3",Ran on FASTA - No Coverage Report,USA,2025
63,SRR34270259,WGS,148.64,144265828,PRJNA1207547,SAMN49684904,Viral,55596251,USDA-NVSL,2025,public,"fastq,run.zq,run","s3,gs","s3.us-east-1,gs.us-east1",SRX29444037,USA,,USA,BLACK VULTURE,NextSeq 2000,25-017748-001,25-017748-001-original,PAIRED,RANDOM,VIRAL RNA,Influenza A virus,ILLUMINA,2025-06-27,2025-06-27 13:14:39,1,25-017748-001,SRP557452,,CLOACAL/TRACHEAL SWAB POOL,SRS25589962,False,,USA,SRR34270259,2025-06-28_06-29-39,SRR34270259.fa,D1.1,"PB2:am24, NA:am4N1, MP:ea3, NS:ea3, PB1:ea3, PA:am4, NP:am13, HA:ea3","am24:24-030039-001:PB2, am4N1:24-030039-001:NA, ea3:22-013001-001:MP, ea3:22-013001-001:NS, ea3:22-013001-001:PB1, am4:24-030039-001:PA, am13:24-030039-001:NP, ea3:22-013001-001:HA","98.64%, 99.33%, 100.00%, 99.28%, 99.30%, 99.49%, 99.60%, 99.18%","31, 7, 0, 6, 16, 9, 6, 14",Ran on FASTA - No Coverage Report,USA,2025
65,SRR34270261,WGS,148.36,184527272,PRJNA1207547,SAMN49684902,Viral,70438887,USDA-NVSL,2025,public,"fastq,run.zq,run","s3,gs","s3.us-east-1,gs.us-east1",SRX29444035,USA,,USA,TURKEY VULTURE,NextSeq 2000,25-017667-001,25-017667-001-original,PAIRED,RANDOM,VIRAL RNA,Influenza A virus,ILLUMINA,2025-06-27,2025-06-27 13:14:41,1,25-017667-001,SRP557452,,cloacal swab,SRS25589960,False,,USA,SRR34270261,2025-06-28_06-29-39,SRR34270261.fa,D1.1,"MP:ea3, NA:am4N1, NS:ea3, HA:ea3, PB1:ea3, PB2:am24, PA:am4, NP:am13","ea3:22-013001-001:MP, am4N1:24-030039-001:NA, ea3:22-013001-001:NS, ea3:22-013001-001:HA, ea3:22-013001-001:PB1, am24:24-030039-001:PB2, am4:24-030039-001:PA, am13:24-030039-001:NP","99.90%, 98.87%, 99.05%, 99.41%, 99.25%, 99.52%, 99.49%, 99.53%","1, 13, 8, 10, 17, 11, 11, 7",Ran on FASTA - No Coverage Report,USA,2025
66,SRR34270262,WGS,147.46,74065704,PRJNA1207547,SAMN49684901,Viral,29104205,USDA-NVSL,2025,public,"fastq,run.zq,run","s3,gs","s3.us-east-1,gs.us-east1",SRX29444034,USA,,USA,BLACK VULTURE,NextSeq 2000,25-017626-002,25-017626-002-original,PAIRED,RANDOM,VIRAL RNA,Influenza A virus,ILLUMINA,2025-06-27,2025-06-27 13:14:37,1,25-017626-002,SRP557452,,swab,SRS25589959,False,,USA,SRR34270262,2025-06-28_06-29-39,SRR34270262.fa,D1.1,"NA:am4N1, PB1:ea3, NS:ea3, NP:am13, HA:ea3, MP:ea3, PA:am4, PB2:am24","am4N1:24-030039-001:NA, ea3:22-013001-001:PB1, ea3:22-013001-001:NS, am13:24-030039-001:NP, ea3:22-013001-001:HA, ea3:22-013001-001:MP, am4:24-030039-001:PA, am24:24-030039-001:PB2","99.04%, 99.16%, 99.17%, 99.73%, 99.30%, 100.00%, 98.57%, 99.65%","10, 19, 7, 4, 12, 0, 25, 8",Ran on FASTA - No Coverage Report,USA,2025
67,SRR34270263,WGS,147.84,126106844,PRJNA1207547,SAMN49684892,Viral,45722422,USDA-NVSL,2024,public,"fastq,run.zq,run","s3,gs","s3.us-east-1,gs.us-east1",SRX29444033,USA,,USA,RED FOX,NextSeq 2000,24-028269-001,24-028269-001-original,PAIRED,RANDOM,VIRAL RNA,Influenza A virus,ILLUMINA,2025-06-27,2025-06-27 13:14:41,1,24-028269-001,SRP557452,,brain,SRS25589958,False,,USA,SRR34270263,2025-06-28_06-29-38,SRR34270263.fa,A3,"NA:ea3, NS:ea3, HA:ea3, PB1:ea3, PB2:ea3, PA:ea3, MP:ea3, NP:ea3","ea3:22-013001-001:NA, ea3:22-013001-001:NS, ea3:22-013001-001:HA, ea3:22-013001-001:PB1, ea3:22-013001-001:PB2, ea3:22-013001-001:PA, ea3:22-013001-001:MP, ea3:22-013001-001:NP","99.29%, 99.28%, 99.77%, 99.60%, 99.59%, 99.49%, 99.69%, 99.53%","10, 6, 4, 9, 3, 11, 3, 7",Ran on FASTA - No Coverage Report,USA,2024
68,SRR34270264,WGS,148.06,95651334,PRJNA1207547,SAMN49684891,Viral,29475973,USDA-NVSL,2024,public,"fastq,run.zq,run","s3,gs","s3.us-east-1,gs.us-east1",SRX29444032,USA,,USA,HARBOR SEAL,NextSeq 2000,24-026395-001,24-026395-001-original,PAIRED,RANDOM,VIRAL RNA,Influenza A virus,ILLUMINA,2025-06-27,2025-06-27 13:14:37,1,24-026395-001,SRP557452,,ORAL SWAB,SRS25589957,False,,USA,SRR34270264,2025-06-28_06-29-39,SRR34270264.fa,C2.1,"HA:ea2, NS:ea1, PB2:am19, PB1:am20, NA:ea2, MP:ea1, PA:am3, NP:ea1","ea2:23-030074-013:HA, ea1:22-003707-003:NS, am19:23-036193-005:PB2, am20:23-036657-001:PB1, ea2:23-004612-024:NA, ea1:22-003707-003:MP, am3:23-036657-001:PA, ea1:22-003707-003:NP","99.65%, 98.81%, 99.91%, 99.65%, 99.57%, 99.19%, 99.53%, 99.27%","6, 10, 2, 8, 6, 8, 10, 9",Ran on FASTA - No Coverage Report,USA,2024
69,SRR34270243,WGS,146.96,151733234,PRJNA1122849,SAMN49684885,Viral,53066979,USDA-NVSL,2024,public,"fastq,run.zq,run","s3,gs","s3.us-east-1,gs.us-east1",SRX29444030,USA,,USA,OPOSSUM,NextSeq 2000,24-011942-046,24-011942-046-original,PAIRED,RANDOM,VIRAL RNA,Influenza A virus,ILLUMINA,2025-06-27,2025-06-27 13:05:59,1,24-011942-046,SRP513512,,nasal swab,SRS25589950,False,,USA,SRR34270243,2025-06-28_06-29-38,SRR34270243.fa,B3.13,"PB2:am2.2, HA:ea1, PB1:am4, MP:ea1, NP:am8, NA:ea1, NS:am1.1, PA:ea1","am2.2:22-010445-001:PB2, ea1:22-003707-003:HA, am4:23-001855-001:PB1, ea1:22-003707-003:MP, am8:23-032005-001:NP, ea1:22-003707-003:NA, am1.1:22-010085-001:NS, ea1:22-003707-003:PA","98.77%, 98.71%, 98.85%, 98.88%, 99.33%, 98.93%, 98.93%, 99.07%","28, 22, 15, 11, 10, 14, 9, 20",Ran on FASTA - No Coverage Report,USA,2024
70,SRR34270146,WGS,135.31,218386974,PRJNA1102327,SAMN49684834,Viral,82419660,USDA-NVSL,2025,public,"fastq,run.zq,run","s3,gs","s3.us-east-1,gs.us-east1",SRX29443992,USA,,USA,CATTLE,NextSeq 2000,25-014358-002,25-014358-002-original-tile,PAIRED,RANDOM,VIRAL RNA,Influenza A virus,ILLUMINA,2025-06-27,2025-06-27 13:04:56,1,25-014358-002,SRP503016,,"MILK, BULK TANK",SRS25589945,False,,USA,SRR34270146,2025-06-28_06-29-38,SRR34270146.fa,B3.13,"PB2:am2.2, NP:am8, HA:ea1, NS:am1.1, PB1:am4, NA:ea1, MP:ea1, PA:ea1","am2.2:22-010445-001:PB2, am8:23-032005-001:NP, ea1:22-003707-003:HA, am1.1:22-010085-001:NS, am4:23-001855-001:PB1, ea1:22-003707-003:NA, ea1:22-003707-003:MP, ea1:22-003707-003:PA","98.50%, 98.86%, 98.12%, 98.93%, 99.51%, 98.43%, 98.98%, 98.75%","34, 17, 32, 9, 11, 22, 10, 27",Ran on FASTA - No Coverage Report,USA,2025
71,SRR34270147,WGS,134.86,40079885,PRJNA1102327,SAMN49684833,Viral,15336285,USDA-NVSL,2025,public,"fastq,run.zq,run","s3,gs","s3.us-east-1,gs.us-east1",SRX29443991,USA,,USA,CATTLE,NextSeq 2000,25-014354-002,25-014354-002-original-tile,PAIRED,RANDOM,VIRAL RNA,Influenza A virus,ILLUMINA,2025-06-27,2025-06-27 13:04:57,1,25-014354-002,SRP503016,,"MILK, BULK TANK",SRS25589944,False,,USA,SRR34270147,2025-06-28_06-29-39,SRR34270147.fa,B3.13,"PB2:am2.2, NP:am8, PA:ea1, NA:ea1, HA:ea1, MP:ea1, PB1:am4, NS:am1.1","am2.2:22-010445-001:PB2, am8:23-032005-001:NP, ea1:22-003707-003:PA, ea1:22-003707-003:NA, ea1:22-003707-003:HA, ea1:22-003707-003:MP, am4:23-001855-001:PB1, am1.1:22-010085-001:NS","98.37%, 98.86%, 98.79%, 98.57%, 98.18%, 98.88%, 99.42%, 98.81%","37, 17, 26, 20, 31, 11, 13, 10",Ran on FASTA - No Coverage Report,USA,2025
72,SRR34270148,WGS,137.16,368790307,PRJNA1102327,SAMN49684832,Viral,137340833,USDA-NVSL,2025,public,"fastq,run.zq,run","s3,gs","s3.us-east-1,gs.us-east1",SRX29443990,USA,,USA,CATTLE,NextSeq 2000,25-013618-007,25-013618-007-original-tile,PAIRED,RANDOM,VIRAL RNA,Influenza A virus,ILLUMINA,2025-06-27,2025-06-27 13:05:27,1,25-013618-007,SRP503016,,milk,SRS25589943,False,,USA,SRR34270148,2025-06-28_06-29-39,SRR34270148.fa,B3.13,"MP:ea1, NP:am8, PB1:am4, PA:ea1, PB2:am2.2, NS:am1.1, NA:ea1, HA:ea1","ea1:22-003707-003:MP, am8:23-032005-001:NP, am4:23-001855-001:PB1, ea1:22-003707-003:PA, am2.2:22-010445-001:PB2, am1.1:22-010085-001:NS, ea1:22-003707-003:NA, ea1:22-003707-003:HA","98.88%, 98.86%, 99.51%, 98.79%, 98.46%, 98.81%, 98.65%, 98.06%","11, 17, 11, 26, 35, 10, 19, 33",Ran on FASTA - No Coverage Report,USA,2025
73,SRR34270149,WGS,136.87,51588639,PRJNA1102327,SAMN49684831,Viral,19449276,USDA-NVSL,2025,public,"fastq,run.zq,run","s3,gs","s3.us-east-1,gs.us-east1",SRX29443989,USA,,USA,CATTLE,NextSeq 2000,25-012945-002,25-012945-002-original-tile,PAIRED,RANDOM,VIRAL RNA,Influenza A virus,ILLUMINA,2025-06-27,2025-06-27 13:05:23,1,25-012945-002,SRP503016,,"MILK, BULK TANK",SRS25589942,False,,USA,SRR34270149,2025-06-28_06-29-39,SRR34270149.fa,B3.13,"HA:ea1, MP:ea1, NA:ea1, PA:ea1, PB2:am2.2, NP:am8, NS:am1.1, PB1:am4","ea1:22-003707-003:HA, ea1:22-003707-003:MP, ea1:22-003707-003:NA, ea1:22-003707-003:PA, am2.2:22-010445-001:PB2, am8:23-032005-001:NP, am1.1:22-010085-001:NS, am4:23-001855-001:PB1","98.06%, 98.78%, 98.44%, 98.84%, 98.37%, 98.80%, 98.69%, 99.21%","33, 12, 22, 25, 37, 18, 11, 18",Ran on FASTA - No Coverage Report,USA,2025
74,SRR34270150,WGS,146.41,26720082,PRJNA1102327,SAMN49684884,Viral,9050231,USDA-NVSL,2025,public,"fastq,run.zq,run","s3,gs","s3.us-east-1,gs.us-east1",SRX29443988,USA,,USA,CATTLE,Illumina iSeq 100,25-017893-002,25-017893-002-original,PAIRED,RANDOM,VIRAL RNA,Influenza A virus,ILLUMINA,2025-06-27,2025-06-27 13:05:21,1,25-017893-002,SRP503016,,"MILK, BULK TANK",SRS25589941,False,,USA,SRR34270150,2025-06-28_06-29-39,SRR34270150.fa,B3.13,"NP:am8, PB1:am4, PA:ea1, NA:ea1, NS:am1.1, HA:ea1, PB2:am2.2, MP:ea1","am8:23-032005-001:NP, am4:23-001855-001:PB1, ea1:22-003707-003:PA, ea1:22-003707-003:NA, am1.1:22-010085-001:NS, ea1:22-003707-003:HA, am2.2:22-010445-001:PB2, ea1:22-003707-003:MP","98.93%, 99.47%, 98.75%, 98.51%, 98.93%, 98.24%, 98.51%, 98.98%","16, 12, 27, 21, 9, 30, 34, 10",Ran on FASTA - No Coverage Report,USA,2025
75,SRR34270151,WGS,147.83,105486415,PRJNA1102327,SAMN49684883,Viral,34780645,USDA-NVSL,2025,public,"fastq,run.zq,run","s3,gs","s3.us-east-1,gs.us-east1",SRX29443987,USA,,USA,CATTLE,Illumina iSeq 100,25-017892-004,25-017892-004-original,PAIRED,RANDOM,VIRAL RNA,Influenza A virus,ILLUMINA,2025-06-27,2025-06-27 13:05:27,1,25-017892-004,SRP503016,,"MILK, BULK TANK",SRS25589939,False,,USA,SRR34270151,2025-06-28_06-29-39,SRR34270151.fa,B3.13,"MP:ea1, HA:ea1, NS:am1.1, NP:am8, NA:ea1, PA:ea1, PB1:am4, PB2:am2.2","ea1:22-003707-003:MP, ea1:22-003707-003:HA, am1.1:22-010085-001:NS, am8:23-032005-001:NP, ea1:22-003707-003:NA, ea1:22-003707-003:PA, am4:23-001855-001:PB1, am2.2:22-010445-001:PB2","98.98%, 98.24%, 98.93%, 98.80%, 98.58%, 98.70%, 99.52%, 98.47%","10, 30, 9, 18, 20, 28, 11, 35",Ran on FASTA - No Coverage Report,USA,2025
76,SRR34270152,WGS,147.61,53059962,PRJNA1102327,SAMN49684882,Viral,17834894,USDA-NVSL,2025,public,"fastq,run.zq,run","s3,gs","s3.us-east-1,gs.us-east1",SRX29443986,USA,,USA,CATTLE,Illumina iSeq 100,25-017891-001,25-017891-001-original,PAIRED,RANDOM,VIRAL RNA,Influenza A virus,ILLUMINA,2025-06-27,2025-06-27 13:05:29,1,25-017891-001,SRP503016,,"MILK, BULK TANK",SRS25589940,False,,USA,SRR34270152,2025-06-28_06-29-39,SRR34270152.fa,B3.13,"PB1:am4, HA:ea1, NA:ea1, NS:am1.1, PA:ea1, NP:am8, PB2:am2.2, MP:ea1","am4:23-001855-001:PB1, ea1:22-003707-003:HA, ea1:22-003707-003:NA, am1.1:22-010085-001:NS, ea1:22-003707-003:PA, am8:23-032005-001:NP, am2.2:22-010445-001:PB2, ea1:22-003707-003:MP","99.47%, 98.24%, 98.65%, 98.81%, 98.33%, 98.86%, 98.55%, 98.98%","12, 30, 19, 10, 36, 17, 33, 10",Ran on FASTA - No Coverage Report,USA,2025
77,SRR34270153,WGS,148.21,51021538,PRJNA1102327,SAMN49684881,Viral,17014792,USDA-NVSL,2025,public,"fastq,run.zq,run","s3,gs","s3.us-east-1,gs.us-east1",SRX29443985,USA,,USA,CATTLE,Illumina iSeq 100,25-017889-001,25-017889-001-original,PAIRED,RANDOM,VIRAL RNA,Influenza A virus,ILLUMINA,2025-06-27,2025-06-27 13:05:27,1,25-017889-001,SRP503016,,"MILK, BULK TANK",SRS25589938,False,,USA,SRR34270153,2025-06-28_06-29-38,SRR34270153.fa,B3.13,"PB1:am4, NA:ea1, MP:ea1, NP:am8, PB2:am2.2, PA:ea1, HA:ea1, NS:am1.1","am4:23-001855-001:PB1, ea1:22-003707-003:NA, ea1:22-003707-003:MP, am8:23-032005-001:NP, am2.2:22-010445-001:PB2, ea1:22-003707-003:PA, ea1:22-003707-003:HA, am1.1:22-010085-001:NS","99.47%, 98.58%, 98.98%, 98.93%, 98.55%, 98.84%, 98.24%, 98.81%","12, 20, 10, 16, 33, 25, 30, 10",Ran on FASTA - No Coverage Report,USA,2025
78,SRR34270154,WGS,148.08,71460877,PRJNA1102327,SAMN49684880,Viral,23658863,USDA-NVSL,2025,public,"fastq,run.zq,run","s3,gs","s3.us-east-1,gs.us-east1",SRX29443984,USA,,USA,CATTLE,Illumina iSeq 100,25-017887-001,25-017887-001-original,PAIRED,RANDOM,VIRAL RNA,Influenza A virus,ILLUMINA,2025-06-27,2025-06-27 13:05:28,1,25-017887-001,SRP503016,,"MILK, BULK TANK",SRS25589937,False,,USA,SRR34270154,2025-06-28_06-29-39,SRR34270154.fa,B3.13,"NS:am1.1, PB1:am4, HA:ea1, PA:ea1, NA:ea1, PB2:am2.2, NP:am8, MP:ea1","am1.1:22-010085-001:NS, am4:23-001855-001:PB1, ea1:22-003707-003:HA, ea1:22-003707-003:PA, ea1:22-003707-003:NA, am2.2:22-010445-001:PB2, am8:23-032005-001:NP, ea1:22-003707-003:MP","98.81%, 99.38%, 98.18%, 98.79%, 98.65%, 98.42%, 98.86%, 98.98%","10, 14, 31, 26, 19, 36, 17, 10",Ran on FASTA - No Coverage Report,USA,2025
79,SRR34270155,WGS,147.69,60512717,PRJNA1102327,SAMN49684879,Viral,20096373,USDA-NVSL,2025,public,"fastq,run.zq,run","s3,gs","s3.us-east-1,gs.us-east1",SRX29443983,USA,,USA,CATTLE,Illumina iSeq 100,25-017884-002,25-017884-002-original,PAIRED,RANDOM,VIRAL RNA,Influenza A virus,ILLUMINA,2025-06-27,2025-06-27 13:05:29,1,25-017884-002,SRP503016,,"MILK, BULK TANK",SRS25589936,False,,USA,SRR34270155,2025-06-28_06-29-39,SRR34270155.fa,B3.13,"NS:am1.1, MP:ea1, NP:am8, PB1:am4, HA:ea1, PB2:am2.2, PA:ea1, NA:ea1","am1.1:22-010085-001:NS, ea1:22-003707-003:MP, am8:23-032005-001:NP, am4:23-001855-001:PB1, ea1:22-003707-003:HA, am2.2:22-010445-001:PB2, ea1:22-003707-003:PA, ea1:22-003707-003:NA","98.93%, 98.98%, 98.80%, 99.38%, 98.12%, 98.38%, 98.84%, 98.58%","9, 10, 18, 14, 32, 37, 25, 20",Ran on FASTA - No Coverage Report,USA,2025
80,SRR34270156,WGS,146.87,64481237,PRJNA1102327,SAMN49684878,Viral,21513547,USDA-NVSL,2025,public,"fastq,run.zq,run","s3,gs","s3.us-east-1,gs.us-east1",SRX29443982,USA,,USA,CATTLE,Illumina iSeq 100,25-017880-004,25-017880-004-original,PAIRED,RANDOM,VIRAL RNA,Influenza A virus,ILLUMINA,2025-06-27,2025-06-27 13:05:28,1,25-017880-004,SRP503016,,"MILK, BULK TANK",SRS25589932,False,,USA,SRR34270156,2025-06-28_06-29-38,SRR34270156.fa,B3.13,"PB2:am2.2, NA:ea1, PB1:am4, PA:ea1, HA:ea1, NS:am1.1, NP:am8, MP:ea1","am2.2:22-010445-001:PB2, ea1:22-003707-003:NA, am4:23-001855-001:PB1, ea1:22-003707-003:PA, ea1:22-003707-003:HA, am1.1:22-010085-001:NS, am8:23-032005-001:NP, ea1:22-003707-003:MP","98.38%, 98.72%, 99.38%, 98.88%, 98.18%, 98.69%, 98.93%, 98.88%","37, 18, 14, 24, 31, 11, 16, 11",Ran on FASTA - No Coverage Report,USA,2025
81,SRR34270157,WGS,148.21,80963226,PRJNA1102327,SAMN49684877,Viral,26650502,USDA-NVSL,2025,public,"fastq,run.zq,run","s3,gs","s3.us-east-1,gs.us-east1",SRX29443981,USA,,USA,CATTLE,Illumina iSeq 100,25-017874-001,25-017874-001-original,PAIRED,RANDOM,VIRAL RNA,Influenza A virus,ILLUMINA,2025-06-27,2025-06-27 13:05:32,1,25-017874-001,SRP503016,,"MILK, BULK TANK",SRS25589934,False,,USA,SRR34270157,2025-06-28_06-29-39,SRR34270157.fa,B3.13,"MP:ea1, PB1:am4, PA:ea1, PB2:am2.2, HA:ea1, NP:am8, NS:am1.1, NA:ea1","ea1:22-003707-003:MP, am4:23-001855-001:PB1, ea1:22-003707-003:PA, am2.2:22-010445-001:PB2, ea1:22-003707-003:HA, am8:23-032005-001:NP, am1.1:22-010085-001:NS, ea1:22-003707-003:NA","98.98%, 99.47%, 98.79%, 98.55%, 98.12%, 98.93%, 98.69%, 98.44%","10, 12, 26, 33, 32, 16, 11, 22",Ran on FASTA - No Coverage Report,USA,2025
82,SRR34270158,WGS,148.62,148962358,PRJNA1102327,SAMN49684876,Viral,56847978,USDA-NVSL,2025,public,"fastq,run.zq,run","s3,gs","s3.us-east-1,gs.us-east1",SRX29443980,USA,,USA,CHICKEN,NextSeq 2000,25-017727-003,25-017727-003-original,PAIRED,RANDOM,VIRAL RNA,Influenza A virus,ILLUMINA,2025-06-27,2025-06-27 13:05:36,1,25-017727-003,SRP503016,,OROPHARYNGEAL SWAB,SRS25589935,False,,USA,SRR34270158,2025-06-28_06-29-39,SRR34270158.fa,B3.13,"PA:ea1, NA:ea1, MP:ea1, NP:am8, NS:am1.1, HA:ea1, PB2:am2.2, PB1:am4","ea1:22-003707-003:PA, ea1:22-003707-003:NA, ea1:22-003707-003:MP, am8:23-032005-001:NP, am1.1:22-010085-001:NS, ea1:22-003707-003:HA, am2.2:22-010445-001:PB2, am4:23-001855-001:PB1","98.75%, 98.51%, 98.98%, 98.80%, 98.81%, 98.18%, 98.55%, 99.56%","27, 21, 10, 18, 10, 31, 33, 10",Ran on FASTA - No Coverage Report,USA,2025
83,SRR34270159,WGS,148.61,144366167,PRJNA1102327,SAMN49684875,Viral,53444446,USDA-NVSL,2025,public,"fastq,run.zq,run","s3,gs","s3.us-east-1,gs.us-east1",SRX29443979,USA,,USA,DUCK,NextSeq 2000,25-017727-002,25-017727-002-original,PAIRED,RANDOM,VIRAL RNA,Influenza A virus,ILLUMINA,2025-06-27,2025-06-27 13:05:32,1,25-017727-002,SRP503016,,cloacal swab,SRS25589933,False,,USA,SRR34270159,2025-06-28_06-29-39,SRR34270159.fa,B3.13,"PB2:am2.2, NP:am8, NA:ea1, NS:am1.1, HA:ea1, PB1:am4, PA:ea1, MP:ea1","am2.2:22-010445-001:PB2, am8:23-032005-001:NP, ea1:22-003707-003:NA, am1.1:22-010085-001:NS, ea1:22-003707-003:HA, am4:23-001855-001:PB1, ea1:22-003707-003:PA, ea1:22-003707-003:MP","98.55%, 98.86%, 98.51%, 98.81%, 98.24%, 99.56%, 98.75%, 98.98%","33, 17, 21, 10, 30, 10, 27, 10",Ran on FASTA - No Coverage Report,USA,2025
84,SRR34270160,WGS,136.05,47218749,PRJNA1102327,SAMN49684830,Viral,17742014,USDA-NVSL,2025,public,"fastq,run.zq,run","s3,gs","s3.us-east-1,gs.us-east1",SRX29443978,USA,,USA,CATTLE,NextSeq 2000,25-012939-004,25-012939-004-original-tile,PAIRED,RANDOM,VIRAL RNA,Influenza A virus,ILLUMINA,2025-06-27,2025-06-27 13:05:29,1,25-012939-004,SRP503016,,"MILK, BULK TANK",SRS25589931,False,,USA,SRR34270160,2025-06-28_06-29-38,SRR34270160.fa,B3.13,"MP:ea1, PA:ea1, HA:ea1, PB1:am4, NP:am8, NS:am1.1, NA:ea1, PB2:am2.2","ea1:22-003707-003:MP, ea1:22-003707-003:PA, ea1:22-003707-003:HA, am4:23-001855-001:PB1, am8:23-032005-001:NP, am1.1:22-010085-001:NS, ea1:22-003707-003:NA, am2.2:22-010445-001:PB2","98.76%, 98.74%, 98.41%, 99.34%, 98.86%, 99.16%, 98.57%, 98.46%","12, 27, 27, 15, 17, 7, 20, 35",Ran on FASTA - No Coverage Report,USA,2025
85,SRR34270161,WGS,148.19,135527172,PRJNA1102327,SAMN49684874,Viral,52065597,USDA-NVSL,2025,public,"fastq,run.zq,run","s3,gs","s3.us-east-1,gs.us-east1",SRX29443977,USA,,USA,CHICKEN,NextSeq 2000,25-017727-001,25-017727-001-original,PAIRED,RANDOM,VIRAL RNA,Influenza A virus,ILLUMINA,2025-06-27,2025-06-27 13:05:35,1,25-017727-001,SRP503016,,OROPHARYNGEAL SWAB,SRS25589930,False,,USA,SRR34270161,2025-06-28_06-29-39,SRR34270161.fa,B3.13,"NA:ea1, PB2:am2.2, NS:am1.1, PA:ea1, HA:ea1, NP:am8, MP:ea1, PB1:am4","ea1:22-003707-003:NA, am2.2:22-010445-001:PB2, am1.1:22-010085-001:NS, ea1:22-003707-003:PA, ea1:22-003707-003:HA, am8:23-032005-001:NP, ea1:22-003707-003:MP, am4:23-001855-001:PB1","98.51%, 98.55%, 98.81%, 98.75%, 98.18%, 98.86%, 98.88%, 99.56%","21, 33, 10, 27, 31, 17, 11, 10",Ran on FASTA - No Coverage Report,USA,2025
86,SRR34270162,WGS,146.38,66273811,PRJNA1102327,SAMN49684873,Viral,22361186,USDA-NVSL,2025,public,"fastq,run.zq,run","s3,gs","s3.us-east-1,gs.us-east1",SRX29443976,USA,,USA,CATTLE,Illumina iSeq 100,25-017520-001,25-017520-001-original,PAIRED,RANDOM,VIRAL RNA,Influenza A virus,ILLUMINA,2025-06-27,2025-06-27 13:05:31,1,25-017520-001,SRP503016,,milk,SRS25589927,False,,USA,SRR34270162,2025-06-28_06-29-38,SRR34270162.fa,B3.13,"NS:am1.1, NA:ea1, HA:ea1, NP:am8, PB2:am2.2, MP:ea1, PB1:am4, PA:ea1","am1.1:22-010085-001:NS, ea1:22-003707-003:NA, ea1:22-003707-003:HA, am8:23-032005-001:NP, am2.2:22-010445-001:PB2, ea1:22-003707-003:MP, am4:23-001855-001:PB1, ea1:22-003707-003:PA","98.81%, 98.58%, 98.06%, 98.93%, 98.51%, 98.98%, 99.47%, 98.88%","10, 20, 33, 16, 34, 10, 12, 24",Ran on FASTA - No Coverage Report,USA,2025
87,SRR34270163,WGS,147.39,60476503,PRJNA1102327,SAMN49684872,Viral,20714676,USDA-NVSL,2025,public,"fastq,run.zq,run","s3,gs","s3.us-east-1,gs.us-east1",SRX29443975,USA,,USA,CATTLE,Illumina iSeq 100,25-017518-001,25-017518-001-original,PAIRED,RANDOM,VIRAL RNA,Influenza A virus,ILLUMINA,2025-06-27,2025-06-27 13:05:26,1,25-017518-001,SRP503016,,milk,SRS25589929,False,,USA,SRR34270163,2025-06-28_06-29-38,SRR34270163.fa,B3.13,"PA:ea1, NS:am1.1, MP:ea1, NA:ea1, HA:ea1, NP:am8, PB2:am2.2, PB1:am4","ea1:22-003707-003:PA, am1.1:22-010085-001:NS, ea1:22-003707-003:MP, ea1:22-003707-003:NA, ea1:22-003707-003:HA, am8:23-032005-001:NP, am2.2:22-010445-001:PB2, am4:23-001855-001:PB1","98.79%, 98.57%, 98.98%, 98.58%, 98.12%, 98.93%, 98.51%, 99.56%","26, 12, 10, 20, 32, 16, 34, 10",Ran on FASTA - No Coverage Report,USA,2025
88,SRR34270164,WGS,147.53,66343866,PRJNA1102327,SAMN49684871,Viral,22613872,USDA-NVSL,2025,public,"fastq,run.zq,run","s3,gs","s3.us-east-1,gs.us-east1",SRX29443974,USA,,USA,CATTLE,Illumina iSeq 100,25-017516-005,25-017516-005-original,PAIRED,RANDOM,VIRAL RNA,Influenza A virus,ILLUMINA,2025-06-27,2025-06-27 13:05:31,1,25-017516-005,SRP503016,,milk,SRS25589926,False,,USA,SRR34270164,2025-06-28_06-29-39,SRR34270164.fa,B3.13,"HA:ea1, PA:ea1, PB1:am4, NP:am8, PB2:am2.2, NS:am1.1, MP:ea1, NA:ea1","ea1:22-003707-003:HA, ea1:22-003707-003:PA, am4:23-001855-001:PB1, am8:23-032005-001:NP, am2.2:22-010445-001:PB2, am1.1:22-010085-001:NS, ea1:22-003707-003:MP, ea1:22-003707-003:NA","98.18%, 98.75%, 99.56%, 99.00%, 98.55%, 98.81%, 98.98%, 98.44%","31, 27, 10, 15, 33, 10, 10, 22",Ran on FASTA - No Coverage Report,USA,2025
89,SRR34270165,WGS,147.42,64067664,PRJNA1102327,SAMN49684870,Viral,21968884,USDA-NVSL,2025,public,"fastq,run.zq,run","s3,gs","s3.us-east-1,gs.us-east1",SRX29443973,USA,,USA,CATTLE,Illumina iSeq 100,25-017516-003,25-017516-003-original,PAIRED,RANDOM,VIRAL RNA,Influenza A virus,ILLUMINA,2025-06-27,2025-06-27 13:05:29,1,25-017516-003,SRP503016,,milk,SRS25589928,False,,USA,SRR34270165,2025-06-28_06-29-39,SRR34270165.fa,B3.13,"PA:ea1, MP:ea1, PB1:am4, NA:ea1, PB2:am2.2, HA:ea1, NP:am8, NS:am1.1","ea1:22-003707-003:PA, ea1:22-003707-003:MP, am4:23-001855-001:PB1, ea1:22-003707-003:NA, am2.2:22-010445-001:PB2, ea1:22-003707-003:HA, am8:23-032005-001:NP, am1.1:22-010085-001:NS","98.88%, 98.98%, 99.56%, 98.51%, 98.55%, 98.18%, 99.00%, 98.81%","24, 10, 10, 21, 33, 31, 15, 10",Ran on FASTA - No Coverage Report,USA,2025
90,SRR34270166,WGS,147.46,42884695,PRJNA1102327,SAMN49684869,Viral,14631355,USDA-NVSL,2025,public,"fastq,run.zq,run","s3,gs","s3.us-east-1,gs.us-east1",SRX29443972,USA,,USA,CATTLE,Illumina iSeq 100,25-017516-002,25-017516-002-original,PAIRED,RANDOM,VIRAL RNA,Influenza A virus,ILLUMINA,2025-06-27,2025-06-27 13:05:29,1,25-017516-002,SRP503016,,milk,SRS25589925,False,,USA,SRR34270166,2025-06-28_06-29-39,SRR34270166.fa,B3.13,"HA:ea1, NA:ea1, PB1:am4, NS:am1.1, MP:ea1, PA:ea1, PB2:am2.2, NP:am8","ea1:22-003707-003:HA, ea1:22-003707-003:NA, am4:23-001855-001:PB1, am1.1:22-010085-001:NS, ea1:22-003707-003:MP, ea1:22-003707-003:PA, am2.2:22-010445-001:PB2, am8:23-032005-001:NP","98.18%, 98.51%, 99.56%, 98.81%, 98.98%, 98.88%, 98.55%, 99.00%","31, 21, 10, 10, 10, 24, 33, 15",Ran on FASTA - No Coverage Report,USA,2025
91,SRR34270167,WGS,147.84,52228890,PRJNA1102327,SAMN49684868,Viral,17834786,USDA-NVSL,2025,public,"fastq,run.zq,run","s3,gs","s3.us-east-1,gs.us-east1",SRX29443971,USA,,USA,CATTLE,Illumina iSeq 100,25-017516-001,25-017516-001-original,PAIRED,RANDOM,VIRAL RNA,Influenza A virus,ILLUMINA,2025-06-27,2025-06-27 13:05:31,1,25-017516-001,SRP503016,,milk,SRS25589924,False,,USA,SRR34270167,2025-06-28_06-29-39,SRR34270167.fa,B3.13,"PB2:am2.2, MP:ea1, PA:ea1, NP:am8, PB1:am4, HA:ea1, NS:am1.1, NA:ea1","am2.2:22-010445-001:PB2, ea1:22-003707-003:MP, ea1:22-003707-003:PA, am8:23-032005-001:NP, am4:23-001855-001:PB1, ea1:22-003707-003:HA, am1.1:22-010085-001:NS, ea1:22-003707-003:NA","98.55%, 98.98%, 98.88%, 99.00%, 99.52%, 98.14%, 98.81%, 98.44%","33, 10, 24, 15, 11, 31, 10, 22",Ran on FASTA - No Coverage Report,USA,2025
92,SRR34270168,WGS,148.0,37872429,PRJNA1102327,SAMN49684867,Viral,13053734,USDA-NVSL,2025,public,"fastq,run.zq,run","s3,gs","s3.us-east-1,gs.us-east1",SRX29443970,USA,,USA,CATTLE,Illumina iSeq 100,25-017515-006,25-017515-006-original,PAIRED,RANDOM,VIRAL RNA,Influenza A virus,ILLUMINA,2025-06-27,2025-06-27 13:05:27,1,25-017515-006,SRP503016,,milk,SRS25589921,False,,USA,SRR34270168,2025-06-28_06-29-39,SRR34270168.fa,B3.13,"HA:ea1, NS:am1.1, MP:ea1, NP:am8, PB2:am2.2, NA:ea1, PA:ea1, PB1:am4","ea1:22-003707-003:HA, am1.1:22-010085-001:NS, ea1:22-003707-003:MP, am8:23-032005-001:NP, am2.2:22-010445-001:PB2, ea1:22-003707-003:NA, ea1:22-003707-003:PA, am4:23-001855-001:PB1","98.24%, 98.81%, 98.98%, 98.86%, 98.38%, 98.51%, 98.79%, 99.43%","30, 10, 10, 17, 37, 21, 26, 13",Ran on FASTA - No Coverage Report,USA,2025
93,SRR34270169,WGS,147.29,45229158,PRJNA1102327,SAMN49684866,Viral,15687713,USDA-NVSL,2025,public,"fastq,run.zq,run","s3,gs","s3.us-east-1,gs.us-east1",SRX29443969,USA,,USA,CATTLE,Illumina iSeq 100,25-017515-005,25-017515-005-original,PAIRED,RANDOM,VIRAL RNA,Influenza A virus,ILLUMINA,2025-06-27,2025-06-27 13:05:27,1,25-017515-005,SRP503016,,milk,SRS25589923,False,,USA,SRR34270169,2025-06-28_06-29-38,SRR34270169.fa,B3.13,"MP:ea1, NA:ea1, PB2:am2.2, PB1:am4, HA:ea1, PA:ea1, NP:am8, NS:am1.1","ea1:22-003707-003:MP, ea1:22-003707-003:NA, am2.2:22-010445-001:PB2, am4:23-001855-001:PB1, ea1:22-003707-003:HA, ea1:22-003707-003:PA, am8:23-032005-001:NP, am1.1:22-010085-001:NS","98.98%, 98.51%, 98.38%, 99.47%, 98.24%, 98.79%, 98.93%, 98.81%","10, 21, 37, 12, 30, 26, 16, 10",Ran on FASTA - No Coverage Report,USA,2025
94,SRR34270170,WGS,147.16,36902315,PRJNA1102327,SAMN49684865,Viral,12659334,USDA-NVSL,2025,public,"fastq,run.zq,run","s3,gs","s3.us-east-1,gs.us-east1",SRX29443968,USA,,USA,CATTLE,Illumina iSeq 100,25-017515-004,25-017515-004-original,PAIRED,RANDOM,VIRAL RNA,Influenza A virus,ILLUMINA,2025-06-27,2025-06-27 13:05:28,1,25-017515-004,SRP503016,,milk,SRS25589922,False,,USA,SRR34270170,2025-06-28_06-29-39,SRR34270170.fa,B3.13,"NA:ea1, NP:am8, MP:ea1, NS:am1.1, HA:ea1, PB2:am2.2, PA:ea1, PB1:am4","ea1:22-003707-003:NA, am8:23-032005-001:NP, ea1:22-003707-003:MP, am1.1:22-010085-001:NS, ea1:22-003707-003:HA, am2.2:22-010445-001:PB2, ea1:22-003707-003:PA, am4:23-001855-001:PB1","98.51%, 98.93%, 98.98%, 98.81%, 98.24%, 98.38%, 98.79%, 99.47%","21, 16, 10, 10, 30, 37, 26, 12",Ran on FASTA - No Coverage Report,USA,2025
95,SRR34270171,WGS,132.22,23738919,PRJNA1102327,SAMN49684829,Viral,8992161,USDA-NVSL,2025,public,"fastq,run.zq,run","s3,gs","s3.us-east-1,gs.us-east1",SRX29443967,USA,,USA,CATTLE,NextSeq 2000,25-010022-001,25-010022-001-original-tile,PAIRED,RANDOM,VIRAL RNA,Influenza A virus,ILLUMINA,2025-06-27,2025-06-27 13:05:28,1,25-010022-001,SRP503016,,milk,SRS25589920,False,,USA,SRR34270171,2025-06-28_06-29-38,SRR34270171.fa,B3.13,"NS:am1.1, PB2:am2.2, MP:ea1, NP:am8, NA:ea1, HA:ea1, PB1:am4, PA:ea1","am1.1:22-010085-001:NS, am2.2:22-010445-001:PB2, ea1:22-003707-003:MP, am8:23-032005-001:NP, ea1:22-003707-003:NA, ea1:22-003707-003:HA, am4:23-001855-001:PB1, ea1:22-003707-003:PA","98.68%, 98.33%, 98.82%, 98.86%, 98.50%, 98.30%, 99.29%, 98.88%","11, 38, 11, 17, 21, 29, 16, 24",Ran on FASTA - No Coverage Report,USA,2025
96,SRR34270172,WGS,141.7,122031482,PRJNA1102327,SAMN49684864,Viral,41364959,USDA-NVSL,2025,public,"fastq,run.zq,run","s3,gs","s3.us-east-1,gs.us-east1",SRX29443966,USA,,USA,CATTLE,Illumina iSeq 100,25-017515-002,25-017515-002-original,PAIRED,RANDOM,VIRAL RNA,Influenza A virus,ILLUMINA,2025-06-27,2025-06-27 13:05:29,1,25-017515-002,SRP503016,,milk,SRS25589919,False,,USA,SRR34270172,2025-06-28_06-29-39,SRR34270172.fa,B3.13,"PB2:am2.2, HA:ea1, NP:am8, PB1:am4, NA:ea1, MP:ea1, PA:ea1, NS:am1.1","am2.2:22-010445-001:PB2, ea1:22-003707-003:HA, am8:23-032005-001:NP, am4:23-001855-001:PB1, ea1:22-003707-003:NA, ea1:22-003707-003:MP, ea1:22-003707-003:PA, am1.1:22-010085-001:NS","98.42%, 98.24%, 98.93%, 99.47%, 98.58%, 98.98%, 98.79%, 98.81%","36, 30, 16, 12, 20, 10, 26, 10",Ran on FASTA - No Coverage Report,USA,2025
97,SRR34270173,WGS,147.12,45121501,PRJNA1102327,SAMN49684863,Viral,15383937,USDA-NVSL,2025,public,"fastq,run.zq,run","s3,gs","s3.us-east-1,gs.us-east1",SRX29443965,USA,,USA,CATTLE,Illumina iSeq 100,25-017504-003,25-017504-003-original,PAIRED,RANDOM,VIRAL RNA,Influenza A virus,ILLUMINA,2025-06-27,2025-06-27 13:05:31,1,25-017504-003,SRP503016,,milk,SRS25589915,False,,USA,SRR34270173,2025-06-28_06-29-39,SRR34270173.fa,B3.13,"MP:ea1, NA:ea1, PB2:am2.2, PA:ea1, PB1:am4, NS:am1.1, NP:am8, HA:ea1","ea1:22-003707-003:MP, ea1:22-003707-003:NA, am2.2:22-010445-001:PB2, ea1:22-003707-003:PA, am4:23-001855-001:PB1, am1.1:22-010085-001:NS, am8:23-032005-001:NP, ea1:22-003707-003:HA","98.78%, 98.94%, 98.47%, 98.75%, 99.21%, 99.05%, 99.06%, 98.18%","12, 15, 35, 27, 18, 8, 14, 31",Ran on FASTA - No Coverage Report,USA,2025
98,SRR34270174,WGS,147.72,48068879,PRJNA1102327,SAMN49684862,Viral,16474823,USDA-NVSL,2025,public,"fastq,run.zq,run","s3,gs","s3.us-east-1,gs.us-east1",SRX29443964,USA,,USA,CATTLE,Illumina iSeq 100,25-017504-002,25-017504-002-original,PAIRED,RANDOM,VIRAL RNA,Influenza A virus,ILLUMINA,2025-06-27,2025-06-27 13:05:28,1,25-017504-002,SRP503016,,milk,SRS25589917,False,,USA,SRR34270174,2025-06-28_06-29-38,SRR34270174.fa,B3.13,"MP:ea1, NP:am8, PB2:am2.2, NA:ea1, PA:ea1, HA:ea1, NS:am1.1, PB1:am4","ea1:22-003707-003:MP, am8:23-032005-001:NP, am2.2:22-010445-001:PB2, ea1:22-003707-003:NA, ea1:22-003707-003:PA, ea1:22-003707-003:HA, am1.1:22-010085-001:NS, am4:23-001855-001:PB1","98.88%, 99.06%, 98.47%, 98.94%, 98.70%, 98.12%, 99.05%, 99.21%","11, 14, 35, 15, 28, 32, 8, 18",Ran on FASTA - No Coverage Report,USA,2025
103,SRR34270179,WGS,146.37,34386802,PRJNA1102327,SAMN49684857,Viral,11522213,USDA-NVSL,2025,public,"fastq,run.zq,run","s3,gs","s3.us-east-1,gs.us-east1",SRX29443959,USA,,USA,CATTLE,Illumina iSeq 100,25-017500-001,25-017500-001-original,PAIRED,RANDOM,VIRAL RNA,Influenza A virus,ILLUMINA,2025-06-27,2025-06-27 13:05:27,1,25-017500-001,SRP503016,,milk,SRS25589912,False,,USA,SRR34270179,2025-06-28_06-29-38,SRR34270179.fa,B3.13,"PB1:am4, MP:ea1, NS:am1.1, NA:ea1, PB2:am2.2, NP:am8, PA:ea1, HA:ea1","am4:23-001855-001:PB1, ea1:22-003707-003:MP, am1.1:22-010085-001:NS, ea1:22-003707-003:NA, am2.2:22-010445-001:PB2, am8:23-032005-001:NP, ea1:22-003707-003:PA, ea1:22-003707-003:HA","99.34%, 98.78%, 98.93%, 98.65%, 98.51%, 98.93%, 98.88%, 98.30%","15, 12, 9, 19, 34, 16, 24, 29",Ran on FASTA - No Coverage Report,USA,2025
104,SRR34270180,WGS,97.62,7418046,PRJNA1102327,SAMN49684856,Viral,2785125,USDA-NVSL,2025,public,"fastq,run.zq,run","s3,gs","s3.us-east-1,gs.us-east1",SRX29443958,USA,,USA,CATTLE,NextSeq 2000,25-015748-001,25-015748-001-original-tile,PAIRED,RANDOM,VIRAL RNA,Influenza A virus,ILLUMINA,2025-06-27,2025-06-27 13:05:27,1,25-015748-001,SRP503016,,"MILK, BULK TANK",SRS25589911,False,,USA,SRR34270180,2025-06-28_06-29-39,SRR34270180.fa,B3.13,"NS:am1.1, PB1:am4, PA:ea1, HA:ea1, NA:ea1, PB2:am2.2, NP:am8, MP:ea1","am1.1:22-010085-001:NS, am4:23-001855-001:PB1, ea1:22-003707-003:PA, ea1:22-003707-003:HA, ea1:22-003707-003:NA, am2.2:22-010445-001:PB2, am8:23-032005-001:NP, ea1:22-003707-003:MP","98.79%, 99.56%, 98.88%, 98.18%, 98.43%, 98.50%, 98.92%, 98.86%","10, 10, 24, 31, 22, 34, 16, 11",Ran on FASTA - No Coverage Report,USA,2025
105,SRR34270181,WGS,132.88,556960747,PRJNA1102327,SAMN49684855,Viral,197160785,USDA-NVSL,2025,public,"fastq,run.zq,run","s3,gs","s3.us-east-1,gs.us-east1",SRX29443957,USA,,USA,CATTLE,NextSeq 2000,25-015745-001,25-015745-001-original-tile,PAIRED,RANDOM,VIRAL RNA,Influenza A virus,ILLUMINA,2025-06-27,2025-06-27 13:05:57,1,25-015745-001,SRP503016,,"MILK, BULK TANK",SRS25589910,False,,USA,SRR34270181,2025-06-28_06-29-38,SRR34270181.fa,B3.13,"PB2:am2.2, NP:am8, NA:ea1, HA:ea1, PB1:am4, NS:am1.1, MP:ea1, PA:ea1","am2.2:22-010445-001:PB2, am8:23-032005-001:NP, ea1:22-003707-003:NA, ea1:22-003707-003:HA, am4:23-001855-001:PB1, am1.1:22-010085-001:NS, ea1:22-003707-003:MP, ea1:22-003707-003:PA","98.51%, 98.80%, 98.51%, 98.24%, 99.56%, 98.81%, 98.88%, 98.79%","34, 18, 21, 30, 10, 10, 11, 26",Ran on FASTA - No Coverage Report,USA,2025
106,SRR34270182,WGS,146.45,136128661,PRJNA1102327,SAMN49684828,Viral,48301895,USDA-NVSL,2024,public,"fastq,run.zq,run","s3,gs","s3.us-east-1,gs.us-east1",SRX29443956,USA,,USA,CATTLE,NextSeq 2000,24-036392-001,24-036392-001-original,PAIRED,RANDOM,VIRAL RNA,Influenza A virus,ILLUMINA,2025-06-27,2025-06-27 13:05:36,1,24-036392-001,SRP503016,,"MILK, BULK TANK",SRS25589908,False,,USA,SRR34270182,2025-06-28_06-29-39,SRR34270182.fa,B3.13,"NS:am1.1, PB1:am4, NP:am8, PA:ea1, PB2:am2.2, MP:ea1, HA:ea1, NA:ea1","am1.1:22-010085-001:NS, am4:23-001855-001:PB1, am8:23-032005-001:NP, ea1:22-003707-003:PA, am2.2:22-010445-001:PB2, ea1:22-003707-003:MP, ea1:22-003707-003:HA, ea1:22-003707-003:NA","99.17%, 99.52%, 99.00%, 98.84%, 98.57%, 98.98%, 98.30%, 98.86%","7, 11, 15, 25, 31, 10, 29, 16",Ran on FASTA - No Coverage Report,USA,2024
107,SRR34270183,WGS,133.59,418674566,PRJNA1102327,SAMN49684854,Viral,149766006,USDA-NVSL,2025,public,"fastq,run.zq,run","s3,gs","s3.us-east-1,gs.us-east1",SRX29443955,USA,,USA,CATTLE,NextSeq 2000,25-015742-004,25-015742-004-original-tile,PAIRED,RANDOM,VIRAL RNA,Influenza A virus,ILLUMINA,2025-06-27,2025-06-27 13:05:39,1,25-015742-004,SRP503016,,"MILK, BULK TANK",SRS25589909,False,,USA,SRR34270183,2025-06-28_06-29-39,SRR34270183.fa,B3.13,"PB1:am4, MP:ea1, HA:ea1, NA:ea1, NP:am8, PA:ea1, PB2:am2.2, NS:am1.1","am4:23-001855-001:PB1, ea1:22-003707-003:MP, ea1:22-003707-003:HA, ea1:22-003707-003:NA, am8:23-032005-001:NP, ea1:22-003707-003:PA, am2.2:22-010445-001:PB2, am1.1:22-010085-001:NS","99.56%, 98.88%, 98.18%, 98.58%, 98.80%, 98.75%, 98.51%, 98.93%","10, 11, 31, 20, 18, 27, 34, 9",Ran on FASTA - No Coverage Report,USA,2025
108,SRR34270184,WGS,132.9,427118297,PRJNA1102327,SAMN49684853,Viral,152606737,USDA-NVSL,2025,public,"fastq,run.zq,run","s3,gs","s3.us-east-1,gs.us-east1",SRX29443954,USA,,USA,CATTLE,NextSeq 2000,25-015741-001,25-015741-001-original-tile,PAIRED,RANDOM,VIRAL RNA,Influenza A virus,ILLUMINA,2025-06-27,2025-06-27 13:05:58,1,25-015741-001,SRP503016,,"MILK, BULK TANK",SRS25589907,False,,USA,SRR34270184,2025-06-28_06-29-39,SRR34270184.fa,B3.13,"NS:am1.1, PA:ea1, PB2:am2.2, HA:ea1, PB1:am4, MP:ea1, NP:am8, NA:ea1","am1.1:22-010085-001:NS, ea1:22-003707-003:PA, am2.2:22-010445-001:PB2, ea1:22-003707-003:HA, am4:23-001855-001:PB1, ea1:22-003707-003:MP, am8:23-032005-001:NP, ea1:22-003707-003:NA","98.81%, 98.79%, 98.46%, 98.24%, 99.56%, 98.88%, 98.86%, 98.58%","10, 26, 35, 30, 10, 11, 17, 20",Ran on FASTA - No Coverage Report,USA,2025
109,SRR34270185,WGS,133.48,639550721,PRJNA1102327,SAMN49684852,Viral,228177216,USDA-NVSL,2025,public,"fastq,run.zq,run","s3,gs","s3.us-east-1,gs.us-east1",SRX29443953,USA,,USA,CATTLE,NextSeq 2000,25-015739-005,25-015739-005-original-tile,PAIRED,RANDOM,VIRAL RNA,Influenza A virus,ILLUMINA,2025-06-27,2025-06-27 13:05:46,1,25-015739-005,SRP503016,,"MILK, BULK TANK",SRS25589906,False,,USA,SRR34270185,2025-06-28_06-29-38,SRR34270185.fa,B3.13,"HA:ea1, NP:am8, PB1:am4, NS:am1.1, NA:ea1, PB2:am2.2, MP:ea1, PA:ea1","ea1:22-003707-003:HA, am8:23-032005-001:NP, am4:23-001855-001:PB1, am1.1:22-010085-001:NS, ea1:22-003707-003:NA, am2.2:22-010445-001:PB2, ea1:22-003707-003:MP, ea1:22-003707-003:PA","98.12%, 98.86%, 99.47%, 98.93%, 98.58%, 98.51%, 98.88%, 98.84%","32, 17, 12, 9, 20, 34, 11, 25",Ran on FASTA - No Coverage Report,USA,2025
110,SRR34270186,WGS,132.07,321021999,PRJNA1102327,SAMN49684851,Viral,114491186,USDA-NVSL,2025,public,"fastq,run.zq,run","s3,gs","s3.us-east-1,gs.us-east1",SRX29443952,USA,,USA,CATTLE,NextSeq 2000,25-015739-003,25-015739-003-original-tile,PAIRED,RANDOM,VIRAL RNA,Influenza A virus,ILLUMINA,2025-06-27,2025-06-27 13:05:39,1,25-015739-003,SRP503016,,"MILK, BULK TANK",SRS25589905,False,,USA,SRR34270186,2025-06-28_06-29-38,SRR34270186.fa,B3.13,"NA:ea1, NS:am1.1, MP:ea1, HA:ea1, NP:am8, PB2:am2.2, PA:ea1, PB1:am4","ea1:22-003707-003:NA, am1.1:22-010085-001:NS, ea1:22-003707-003:MP, ea1:22-003707-003:HA, am8:23-032005-001:NP, am2.2:22-010445-001:PB2, ea1:22-003707-003:PA, am4:23-001855-001:PB1","98.51%, 98.92%, 98.88%, 98.12%, 98.86%, 98.51%, 98.84%, 99.43%","21, 9, 11, 32, 17, 34, 25, 13",Ran on FASTA - No Coverage Report,USA,2025
111,SRR34270187,WGS,135.92,544451332,PRJNA1102327,SAMN49684850,Viral,193384968,USDA-NVSL,2025,public,"fastq,run.zq,run","s3,gs","s3.us-east-1,gs.us-east1",SRX29443951,USA,,USA,CATTLE,NextSeq 2000,25-015738-002,25-015738-002-original-tile,PAIRED,RANDOM,VIRAL RNA,Influenza A virus,ILLUMINA,2025-06-27,2025-06-27 13:06:01,1,25-015738-002,SRP503016,,"MILK, BULK TANK",SRS25589904,False,,USA,SRR34270187,2025-06-28_06-29-38,SRR34270187.fa,B3.13,"PB2:am2.2, HA:ea1, NA:ea1, PB1:am4, NP:am8, PA:ea1, NS:am1.1, MP:ea1","am2.2:22-010445-001:PB2, ea1:22-003707-003:HA, ea1:22-003707-003:NA, am4:23-001855-001:PB1, am8:23-032005-001:NP, ea1:22-003707-003:PA, am1.1:22-010085-001:NS, ea1:22-003707-003:MP","98.42%, 98.24%, 98.58%, 99.52%, 98.93%, 98.74%, 98.81%, 98.98%","36, 30, 20, 11, 16, 27, 10, 10",Ran on FASTA - No Coverage Report,USA,2025
112,SRR34270188,WGS,135.56,716208706,PRJNA1102327,SAMN49684849,Viral,251553693,USDA-NVSL,2025,public,"fastq,run.zq,run","s3,gs","s3.us-east-1,gs.us-east1",SRX29443950,USA,,USA,CATTLE,NextSeq 2000,25-015736-001,25-015736-001-original-tile,PAIRED,RANDOM,VIRAL RNA,Influenza A virus,ILLUMINA,2025-06-27,2025-06-27 13:05:53,1,25-015736-001,SRP503016,,"MILK, BULK TANK",SRS25589902,False,,USA,SRR34270188,2025-06-28_06-29-38,SRR34270188.fa,B3.13,"PA:ea1, NP:am8, NA:ea1, MP:ea1, PB2:am2.2, NS:am1.1, HA:ea1, PB1:am4","ea1:22-003707-003:PA, am8:23-032005-001:NP, ea1:22-003707-003:NA, ea1:22-003707-003:MP, am2.2:22-010445-001:PB2, am1.1:22-010085-001:NS, ea1:22-003707-003:HA, am4:23-001855-001:PB1","98.70%, 98.86%, 98.58%, 98.88%, 98.51%, 98.81%, 98.24%, 99.51%","28, 17, 20, 11, 34, 10, 30, 11",Ran on FASTA - No Coverage Report,USA,2025
113,SRR34270189,WGS,132.7,539830043,PRJNA1102327,SAMN49684848,Viral,190528734,USDA-NVSL,2025,public,"fastq,run.zq,run","s3,gs","s3.us-east-1,gs.us-east1",SRX29443949,USA,,USA,CATTLE,NextSeq 2000,25-015734-005,25-015734-005-original-tile,PAIRED,RANDOM,VIRAL RNA,Influenza A virus,ILLUMINA,2025-06-27,2025-06-27 13:05:40,1,25-015734-005,SRP503016,,"MILK, BULK TANK",SRS25589903,False,,USA,SRR34270189,2025-06-28_06-29-38,SRR34270189.fa,B3.13,"HA:ea1, NA:ea1, PA:ea1, NS:am1.1, PB2:am2.2, MP:ea1, PB1:am4, NP:am8","ea1:22-003707-003:HA, ea1:22-003707-003:NA, ea1:22-003707-003:PA, am1.1:22-010085-001:NS, am2.2:22-010445-001:PB2, ea1:22-003707-003:MP, am4:23-001855-001:PB1, am8:23-032005-001:NP","98.24%, 98.51%, 98.79%, 98.69%, 98.47%, 98.97%, 99.56%, 98.86%","30, 21, 26, 11, 35, 10, 10, 17",Ran on FASTA - No Coverage Report,USA,2025
114,SRR34270190,WGS,136.97,1288798898,PRJNA1102327,SAMN49684847,Viral,455367515,USDA-NVSL,2025,public,"fastq,run.zq,run","s3,gs","s3.us-east-1,gs.us-east1",SRX29443948,USA,,USA,CATTLE,NextSeq 2000,25-015734-001,25-015734-001-original-tile,PAIRED,RANDOM,VIRAL RNA,Influenza A virus,ILLUMINA,2025-06-27,2025-06-27 13:05:52,1,25-015734-001,SRP503016,,"MILK, BULK TANK",SRS25589901,False,,USA,SRR34270190,2025-06-28_06-29-38,SRR34270190.fa,B3.13,"PA:ea1, MP:ea1, NS:am1.1, PB2:am2.2, NP:am8, HA:ea1, PB1:am4, NA:ea1","ea1:22-003707-003:PA, ea1:22-003707-003:MP, am1.1:22-010085-001:NS, am2.2:22-010445-001:PB2, am8:23-032005-001:NP, ea1:22-003707-003:HA, am4:23-001855-001:PB1, ea1:22-003707-003:NA","98.79%, 98.88%, 98.93%, 98.47%, 98.86%, 98.18%, 99.56%, 98.44%","26, 11, 9, 35, 17, 31, 10, 22",Ran on FASTA - No Coverage Report,USA,2025
115,SRR34270191,WGS,137.16,656132632,PRJNA1102327,SAMN49684846,Viral,232387906,USDA-NVSL,2025,public,"fastq,run.zq,run","s3,gs","s3.us-east-1,gs.us-east1",SRX29443947,USA,,USA,CATTLE,NextSeq 2000,25-015733-003,25-015733-003-original-tile,PAIRED,RANDOM,VIRAL RNA,Influenza A virus,ILLUMINA,2025-06-27,2025-06-27 13:06:22,1,25-015733-003,SRP503016,,"MILK, BULK TANK",SRS25589900,False,,USA,SRR34270191,2025-06-28_06-29-38,SRR34270191.fa,B3.13,"NS:am1.1, NP:am8, PA:ea1, MP:ea1, NA:ea1, PB1:am4, HA:ea1, PB2:am2.2","am1.1:22-010085-001:NS, am8:23-032005-001:NP, ea1:22-003707-003:PA, ea1:22-003707-003:MP, ea1:22-003707-003:NA, am4:23-001855-001:PB1, ea1:22-003707-003:HA, am2.2:22-010445-001:PB2","98.93%, 98.80%, 98.88%, 98.88%, 98.58%, 99.56%, 98.18%, 98.47%","9, 18, 24, 11, 20, 10, 31, 35",Ran on FASTA - No Coverage Report,USA,2025
116,SRR34270192,WGS,137.47,639390534,PRJNA1102327,SAMN49684845,Viral,227296983,USDA-NVSL,2025,public,"fastq,run.zq,run","s3,gs","s3.us-east-1,gs.us-east1",SRX29443946,USA,,USA,CATTLE,NextSeq 2000,25-015733-002,25-015733-002-original-tile,PAIRED,RANDOM,VIRAL RNA,Influenza A virus,ILLUMINA,2025-06-27,2025-06-27 13:05:50,1,25-015733-002,SRP503016,,"MILK, BULK TANK",SRS25589898,False,,USA,SRR34270192,2025-06-28_06-29-39,SRR34270192.fa,B3.13,"NP:am8, HA:ea1, MP:ea1, NA:ea1, NS:am1.1, PB2:am2.2, PA:ea1, PB1:am4","am8:23-032005-001:NP, ea1:22-003707-003:HA, ea1:22-003707-003:MP, ea1:22-003707-003:NA, am1.1:22-010085-001:NS, am2.2:22-010445-001:PB2, ea1:22-003707-003:PA, am4:23-001855-001:PB1","98.86%, 98.18%, 98.88%, 98.58%, 98.93%, 98.51%, 98.88%, 99.52%","17, 31, 11, 20, 9, 34, 24, 11",Ran on FASTA - No Coverage Report,USA,2025
117,SRR34270193,WGS,142.48,109360423,PRJNA1102327,SAMN49684827,Viral,39013673,USDA-NVSL,2024,public,"fastq,run.zq,run","s3,gs","s3.us-east-1,gs.us-east1",SRX29443945,USA,,USA,CATTLE,NextSeq 2000,24-033994-003,24-033994-003-original,PAIRED,RANDOM,VIRAL RNA,Influenza A virus,ILLUMINA,2025-06-27,2025-06-27 13:05:38,1,24-033994-003,SRP503016,,"MILK, BULK TANK",SRS25589899,False,,USA,SRR34270193,2025-06-28_06-29-39,SRR34270193.fa,B3.13,"PB1:am4, HA:ea1, PA:ea1, NA:ea1, NP:am8, PB2:am2.2, MP:ea1, NS:am1.1","am4:23-001855-001:PB1, ea1:22-003707-003:HA, ea1:22-003707-003:PA, ea1:22-003707-003:NA, am8:23-032005-001:NP, am2.2:22-010445-001:PB2, ea1:22-003707-003:MP, am1.1:22-010085-001:NS","99.43%, 98.36%, 98.88%, 98.94%, 98.93%, 98.68%, 98.98%, 99.17%","13, 28, 24, 15, 16, 30, 10, 7",Ran on FASTA - No Coverage Report,USA,2024
118,SRR34270194,WGS,135.52,366203246,PRJNA1102327,SAMN49684844,Viral,130523116,USDA-NVSL,2025,public,"fastq,run.zq,run","s3,gs","s3.us-east-1,gs.us-east1",SRX29443944,USA,,USA,CATTLE,NextSeq 2000,25-015733-001,25-015733-001-original-tile,PAIRED,RANDOM,VIRAL RNA,Influenza A virus,ILLUMINA,2025-06-27,2025-06-27 13:05:46,1,25-015733-001,SRP503016,,"MILK, BULK TANK",SRS25589897,False,,USA,SRR34270194,2025-06-28_06-29-39,SRR34270194.fa,B3.13,"NP:am8, PB2:am2.2, HA:ea1, PB1:am4, NS:am1.1, PA:ea1, NA:ea1, MP:ea1","am8:23-032005-001:NP, am2.2:22-010445-001:PB2, ea1:22-003707-003:HA, am4:23-001855-001:PB1, am1.1:22-010085-001:NS, ea1:22-003707-003:PA, ea1:22-003707-003:NA, ea1:22-003707-003:MP","98.80%, 98.51%, 98.18%, 99.52%, 98.93%, 98.84%, 98.57%, 98.88%","18, 34, 31, 11, 9, 25, 20, 11",Ran on FASTA - No Coverage Report,USA,2025
119,SRR34270195,WGS,125.36,1940792073,PRJNA1102327,SAMN49684843,Viral,694463965,USDA-NVSL,2025,public,"fastq,run.zq,run","s3,gs","s3.us-east-1,gs.us-east1",SRX29443943,USA,,USA,CATTLE,NextSeq 2000,25-015732-001,25-015732-001-original-tile,PAIRED,RANDOM,VIRAL RNA,Influenza A virus,ILLUMINA,2025-06-27,2025-06-27 13:06:29,1,25-015732-001,SRP503016,,"MILK, BULK TANK",SRS25589896,False,,USA,SRR34270195,2025-06-28_06-29-39,SRR34270195.fa,B3.13,"NA:ea1, NP:am8, HA:ea1, PA:ea1, MP:ea1, PB1:am4, PB2:am2.2, NS:am1.1","ea1:22-003707-003:NA, am8:23-032005-001:NP, ea1:22-003707-003:HA, ea1:22-003707-003:PA, ea1:22-003707-003:MP, am4:23-001855-001:PB1, am2.2:22-010445-001:PB2, am1.1:22-010085-001:NS","98.58%, 98.80%, 98.18%, 98.84%, 98.88%, 99.52%, 98.46%, 98.81%","20, 18, 31, 25, 11, 11, 35, 10",Ran on FASTA - No Coverage Report,USA,2025
120,SRR34270196,WGS,137.05,653947721,PRJNA1102327,SAMN49684842,Viral,231132462,USDA-NVSL,2025,public,"fastq,run.zq,run","s3,gs","s3.us-east-1,gs.us-east1",SRX29443942,USA,,USA,CATTLE,NextSeq 2000,25-015120-002,25-015120-002-original-tile,PAIRED,RANDOM,VIRAL RNA,Influenza A virus,ILLUMINA,2025-06-27,2025-06-27 13:05:57,1,25-015120-002,SRP503016,,"MILK, BULK TANK",SRS25589895,False,,USA,SRR34270196,2025-06-28_06-29-39,SRR34270196.fa,B3.13,"PA:ea1, NS:am1.1, NP:am8, PB2:am2.2, MP:ea1, PB1:am4, NA:ea1, HA:ea1","ea1:22-003707-003:PA, am1.1:22-010085-001:NS, am8:23-032005-001:NP, am2.2:22-010445-001:PB2, ea1:22-003707-003:MP, am4:23-001855-001:PB1, ea1:22-003707-003:NA, ea1:22-003707-003:HA","98.75%, 98.93%, 98.93%, 98.51%, 98.98%, 99.56%, 98.58%, 98.24%","27, 9, 16, 34, 10, 10, 20, 30",Ran on FASTA - No Coverage Report,USA,2025
121,SRR34270197,WGS,136.63,794420331,PRJNA1102327,SAMN49684841,Viral,282315208,USDA-NVSL,2025,public,"fastq,run.zq,run","s3,gs","s3.us-east-1,gs.us-east1",SRX29443941,USA,,USA,CATTLE,NextSeq 2000,25-015108-002,25-015108-002-original-tile,PAIRED,RANDOM,VIRAL RNA,Influenza A virus,ILLUMINA,2025-06-27,2025-06-27 13:05:56,1,25-015108-002,SRP503016,,"MILK, BULK TANK",SRS25589894,False,,USA,SRR34270197,2025-06-28_06-29-39,SRR34270197.fa,B3.13,"PA:ea1, MP:ea1, HA:ea1, NP:am8, NA:ea1, NS:am1.1, PB1:am4, PB2:am2.2","ea1:22-003707-003:PA, ea1:22-003707-003:MP, ea1:22-003707-003:HA, am8:23-032005-001:NP, ea1:22-003707-003:NA, am1.1:22-010085-001:NS, am4:23-001855-001:PB1, am2.2:22-010445-001:PB2","98.79%, 98.78%, 98.30%, 98.73%, 98.65%, 98.93%, 99.52%, 98.47%","26, 12, 29, 19, 19, 9, 11, 35",Ran on FASTA - No Coverage Report,USA,2025
122,SRR34270198,WGS,135.69,760257041,PRJNA1102327,SAMN49684840,Viral,265879680,USDA-NVSL,2025,public,"fastq,run.zq,run","s3,gs","s3.us-east-1,gs.us-east1",SRX29443940,USA,,USA,CATTLE,NextSeq 2000,25-015108-001,25-015108-001-original-tile,PAIRED,RANDOM,VIRAL RNA,Influenza A virus,ILLUMINA,2025-06-27,2025-06-27 13:05:50,1,25-015108-001,SRP503016,,"MILK, BULK TANK",SRS25589893,False,,USA,SRR34270198,2025-06-28_06-29-39,SRR34270198.fa,B3.13,"NA:ea1, HA:ea1, PB2:am2.2, MP:ea1, PB1:am4, NS:am1.1, NP:am8, PA:ea1","ea1:22-003707-003:NA, ea1:22-003707-003:HA, am2.2:22-010445-001:PB2, ea1:22-003707-003:MP, am4:23-001855-001:PB1, am1.1:22-010085-001:NS, am8:23-032005-001:NP, ea1:22-003707-003:PA","98.29%, 98.12%, 98.46%, 98.88%, 99.47%, 98.93%, 98.86%, 98.79%","24, 32, 35, 11, 12, 9, 17, 26",Ran on FASTA - No Coverage Report,USA,2025
123,SRR34270199,WGS,126.63,251645617,PRJNA1102327,SAMN49684839,Viral,90350996,USDA-NVSL,2025,public,"fastq,run.zq,run","s3,gs","s3.us-east-1,gs.us-east1",SRX29443939,USA,,USA,CATTLE,NextSeq 2000,25-015015-001,25-015015-001-original-tile,PAIRED,RANDOM,VIRAL RNA,Influenza A virus,ILLUMINA,2025-06-27,2025-06-27 13:05:46,1,25-015015-001,SRP503016,,milk,SRS25589891,False,,USA,SRR34270199,2025-06-28_06-29-39,SRR34270199.fa,B3.13,"NP:am8, MP:ea1, PB1:am4, NA:ea1, PB2:am2.2, HA:ea1, PA:ea1, NS:am1.1","am8:23-032005-001:NP, ea1:22-003707-003:MP, am4:23-001855-001:PB1, ea1:22-003707-003:NA, am2.2:22-010445-001:PB2, ea1:22-003707-003:HA, ea1:22-003707-003:PA, am1.1:22-010085-001:NS","98.86%, 98.88%, 99.30%, 98.58%, 98.47%, 98.24%, 98.84%, 98.93%","17, 11, 16, 20, 35, 30, 25, 9",Ran on FASTA - No Coverage Report,USA,2025
124,SRR34270200,WGS,135.46,1026307915,PRJNA1102327,SAMN49684838,Viral,363759050,USDA-NVSL,2025,public,"fastq,run.zq,run","s3,gs","s3.us-east-1,gs.us-east1",SRX29443938,USA,,USA,CATTLE,NextSeq 2000,25-015008-001,25-015008-001-original-tile,PAIRED,RANDOM,VIRAL RNA,Influenza A virus,ILLUMINA,2025-06-27,2025-06-27 13:05:59,1,25-015008-001,SRP503016,,milk,SRS25589892,False,,USA,SRR34270200,2025-06-28_06-29-39,SRR34270200.fa,B3.13,"NP:am8, MP:ea1, NS:am1.1, HA:ea1, PA:ea1, NA:ea1, PB2:am2.2, PB1:am4","am8:23-032005-001:NP, ea1:22-003707-003:MP, am1.1:22-010085-001:NS, ea1:22-003707-003:HA, ea1:22-003707-003:PA, ea1:22-003707-003:NA, am2.2:22-010445-001:PB2, am4:23-001855-001:PB1","98.86%, 98.98%, 98.69%, 98.24%, 98.88%, 98.58%, 98.33%, 99.47%","17, 10, 11, 30, 24, 20, 38, 12",Ran on FASTA - No Coverage Report,USA,2025
125,SRR34270201,WGS,135.08,325192092,PRJNA1102327,SAMN49684837,Viral,122564495,USDA-NVSL,2025,public,"fastq,run.zq,run","s3,gs","s3.us-east-1,gs.us-east1",SRX29443937,USA,,USA,CATTLE,NextSeq 2000,25-015005-001,25-015005-001-original-tile,PAIRED,RANDOM,VIRAL RNA,Influenza A virus,ILLUMINA,2025-06-27,2025-06-27 13:05:47,1,25-015005-001,SRP503016,,milk,SRS25589890,False,,USA,SRR34270201,2025-06-28_06-29-38,SRR34270201.fa,B3.13,"HA:ea1, NP:am8, PB2:am2.2, MP:ea1, PA:ea1, NA:ea1, NS:am1.1, PB1:am4","ea1:22-003707-003:HA, am8:23-032005-001:NP, am2.2:22-010445-001:PB2, ea1:22-003707-003:MP, ea1:22-003707-003:PA, ea1:22-003707-003:NA, am1.1:22-010085-001:NS, am4:23-001855-001:PB1","98.18%, 98.93%, 98.47%, 98.88%, 98.88%, 98.58%, 98.93%, 99.56%","31, 16, 35, 11, 24, 20, 9, 10",Ran on FASTA - No Coverage Report,USA,2025
126,SRR34270202,WGS,134.61,366152968,PRJNA1102327,SAMN49684836,Viral,136621995,USDA-NVSL,2025,public,"fastq,run.zq,run","s3,gs","s3.us-east-1,gs.us-east1",SRX29443936,USA,,USA,CATTLE,NextSeq 2000,25-015002-001,25-015002-001-original-tile,PAIRED,RANDOM,VIRAL RNA,Influenza A virus,ILLUMINA,2025-06-27,2025-06-27 13:05:46,1,25-015002-001,SRP503016,,"MILK, BULK TANK",SRS25589888,False,,USA,SRR34270202,2025-06-28_06-29-38,SRR34270202.fa,B3.13,"PB2:am2.2, PB1:am4, NA:ea1, PA:ea1, MP:ea1, HA:ea1, NS:am1.1, NP:am8","am2.2:22-010445-001:PB2, am4:23-001855-001:PB1, ea1:22-003707-003:NA, ea1:22-003707-003:PA, ea1:22-003707-003:MP, ea1:22-003707-003:HA, am1.1:22-010085-001:NS, am8:23-032005-001:NP","98.77%, 99.56%, 98.94%, 99.21%, 98.68%, 98.77%, 99.17%, 99.40%","28, 10, 15, 17, 13, 21, 7, 9",Ran on FASTA - No Coverage Report,USA,2025
127,SRR34270203,WGS,134.23,242883362,PRJNA1102327,SAMN49684835,Viral,90760318,USDA-NVSL,2025,public,"fastq,run.zq,run","s3,gs","s3.us-east-1,gs.us-east1",SRX29443935,USA,,USA,CATTLE,NextSeq 2000,25-014358-003,25-014358-003-original-tile,PAIRED,RANDOM,VIRAL RNA,Influenza A virus,ILLUMINA,2025-06-27,2025-06-27 13:05:45,1,25-014358-003,SRP503016,,"MILK, BULK TANK",SRS25589886,False,,USA,SRR34270203,2025-06-28_06-29-39,SRR34270203.fa,B3.13,"NS:am1.1, HA:ea1, MP:ea1, PB1:am4, NA:ea1, PA:ea1, PB2:am2.2, NP:am8","am1.1:22-010085-001:NS, ea1:22-003707-003:HA, ea1:22-003707-003:MP, am4:23-001855-001:PB1, ea1:22-003707-003:NA, ea1:22-003707-003:PA, am2.2:22-010445-001:PB2, am8:23-032005-001:NP","98.93%, 98.18%, 98.88%, 99.56%, 98.57%, 98.79%, 98.51%, 98.93%","9, 31, 11, 10, 20, 26, 34, 16",Ran on FASTA - No Coverage Report,USA,2025
128,SRR34270204,WGS,147.97,93076566,PRJNA1102327,SAMN49684826,Viral,33871331,USDA-NVSL,2024,public,"fastq,run.zq,run","s3,gs","s3.us-east-1,gs.us-east1",SRX29443934,USA,,USA,CATTLE,NextSeq 2000,24-033523-004,24-033523-004-original,PAIRED,RANDOM,VIRAL RNA,Influenza A virus,ILLUMINA,2025-06-27,2025-06-27 13:05:39,1,24-033523-004,SRP503016,,milk,SRS25589889,False,,USA,SRR34270204,2025-06-28_06-29-39,SRR34270204.fa,B3.13,"PB2:am2.2, MP:ea1, PB1:am4, HA:ea1, NP:am8, NS:am1.1, PA:ea1, NA:ea1","am2.2:22-010445-001:PB2, ea1:22-003707-003:MP, am4:23-001855-001:PB1, ea1:22-003707-003:HA, am8:23-032005-001:NP, am1.1:22-010085-001:NS, ea1:22-003707-003:PA, ea1:22-003707-003:NA","98.64%, 98.98%, 99.52%, 98.35%, 99.00%, 99.17%, 98.93%, 98.94%","31, 10, 11, 28, 15, 7, 23, 15",Ran on FASTA - No Coverage Report,USA,2024
129,SRR34270205,WGS,147.9,108354120,PRJNA1102327,SAMN49684825,Viral,38955670,USDA-NVSL,2024,public,"fastq,run.zq,run","s3,gs","s3.us-east-1,gs.us-east1",SRX29443933,USA,,USA,CATTLE,NextSeq 2000,24-030030-004,24-030030-004-original,PAIRED,RANDOM,VIRAL RNA,Influenza A virus,ILLUMINA,2025-06-27,2025-06-27 13:05:39,1,24-030030-004,SRP503016,,milk,SRS25589887,False,,USA,SRR34270205,2025-06-28_06-29-39,SRR34270205.fa,B3.13,"NP:am8, NA:ea1, PB1:am4, MP:ea1, PA:ea1, HA:ea1, NS:am1.1, PB2:am2.2","am8:23-032005-001:NP, ea1:22-003707-003:NA, am4:23-001855-001:PB1, ea1:22-003707-003:MP, ea1:22-003707-003:PA, ea1:22-003707-003:HA, am1.1:22-010085-001:NS, am2.2:22-010445-001:PB2","99.00%, 98.86%, 99.52%, 98.98%, 99.07%, 98.53%, 99.05%, 98.64%","15, 16, 11, 10, 20, 25, 8, 31",Ran on FASTA - No Coverage Report,USA,2024
130,SRR34270136,WGS,148.68,149359284,PRJNA980729,SAMN49684773,Viral,57797001,USDA-NVSL,2025,public,"fastq,run.zq,run","s3,gs","s3.us-east-1,gs.us-east1",SRX29443932,USA,,USA,CHICKEN,NextSeq 2000,25-017630-002,25-017630-002-original,PAIRED,RANDOM,VIRAL RNA,Influenza A virus,ILLUMINA,2025-06-27,2025-06-27 13:01:41,1,25-017630-002,SRP441379,,OROPHARYNGEAL SWAB,SRS25589885,False,,USA,SRR34270136,2025-06-28_06-29-38,SRR34270136.fa,D1.1,"HA:ea3, NS:ea3, PB2:am24, PA:am4, NP:am13, NA:am4N1, MP:ea3, PB1:ea3","ea3:22-013001-001:HA, ea3:22-013001-001:NS, am24:24-030039-001:PB2, am4:24-030039-001:PA, am13:24-030039-001:NP, am4N1:24-030039-001:NA, ea3:22-013001-001:MP, ea3:22-013001-001:PB1","99.41%, 98.93%, 99.47%, 99.40%, 99.60%, 99.04%, 100.00%, 99.16%","10, 9, 12, 13, 6, 10, 0, 19",Ran on FASTA - No Coverage Report,USA,2025
131,SRR34270137,WGS,146.52,61872308,PRJNA980729,SAMN49684772,Viral,24341004,USDA-NVSL,2025,public,"fastq,run.zq,run","s3,gs","s3.us-east-1,gs.us-east1",SRX29443931,USA,,USA,CHICKEN,NextSeq 2000,25-015646-005,25-015646-005-original,PAIRED,RANDOM,VIRAL RNA,Influenza A virus,ILLUMINA,2025-06-27,2025-06-27 13:01:46,1,25-015646-005,SRP441379,,OROPHARYNGEAL SWAB,SRS25589884,False,,USA,SRR34270137,2025-06-28_06-29-39,SRR34270137.fa,D1.1,"PB2:am24, PA:am4, PB1:ea3, NP:am13, MP:ea3, NS:ea3, NA:am4N1, HA:ea3","am24:24-030039-001:PB2, am4:24-030039-001:PA, ea3:22-013001-001:PB1, am13:24-030039-001:NP, ea3:22-013001-001:MP, ea3:22-013001-001:NS, am4N1:24-030039-001:NA, ea3:22-013001-001:HA","99.78%, 99.60%, 99.30%, 99.80%, 99.90%, 99.17%, 99.23%, 99.24%","5, 7, 16, 3, 1, 7, 8, 13",Ran on FASTA - No Coverage Report,USA,2025
132,SRR34270138,WGS,128.93,101408934,PRJNA980729,SAMN49684771,Viral,40043647,USDA-NVSL,2025,public,"fastq,run.zq,run","s3,gs","s3.us-east-1,gs.us-east1",SRX29443930,USA,,USA,CHICKEN,NextSeq 2000,25-015646-004,25-015646-004-original,PAIRED,RANDOM,VIRAL RNA,Influenza A virus,ILLUMINA,2025-06-27,2025-06-27 13:01:39,1,25-015646-004,SRP441379,,OROPHARYNGEAL SWAB,SRS25589883,False,,USA,SRR34270138,2025-06-28_06-29-39,SRR34270138.fa,D1.1,"NP:am13, PA:am4, NA:am4N1, HA:ea3, PB1:ea3, NS:ea3, PB2:am24, MP:ea3","am13:24-030039-001:NP, am4:24-030039-001:PA, am4N1:24-030039-001:NA, ea3:22-013001-001:HA, ea3:22-013001-001:PB1, ea3:22-013001-001:NS, am24:24-030039-001:PB2, ea3:22-013001-001:MP","99.80%, 99.60%, 99.23%, 99.18%, 99.34%, 99.17%, 99.78%, 99.90%","3, 7, 8, 14, 15, 7, 5, 1",Ran on FASTA - No Coverage Report,USA,2025
133,SRR34270139,WGS,148.24,92095798,PRJNA980729,SAMN49684770,Viral,36298773,USDA-NVSL,2025,public,"fastq,run.zq,run","s3,gs","s3.us-east-1,gs.us-east1",SRX29443929,USA,,USA,DUCK,NextSeq 2000,25-015646-003,25-015646-003-original,PAIRED,RANDOM,VIRAL RNA,Influenza A virus,ILLUMINA,2025-06-27,2025-06-27 13:01:42,1,25-015646-003,SRP441379,,cloacal swab,SRS25589882,False,,USA,SRR34270139,2025-06-28_06-29-39,SRR34270139.fa,D1.1,"MP:ea3, PB1:ea3, PB2:am24, PA:am4, NA:am4N1, HA:ea3, NS:ea3, NP:am13","ea3:22-013001-001:MP, ea3:22-013001-001:PB1, am24:24-030039-001:PB2, am4:24-030039-001:PA, am4N1:24-030039-001:NA, ea3:22-013001-001:HA, ea3:22-013001-001:NS, am13:24-030039-001:NP","99.90%, 99.30%, 99.69%, 99.60%, 99.29%, 99.24%, 99.17%, 99.80%","1, 16, 7, 7, 8, 13, 7, 3",Ran on FASTA - No Coverage Report,USA,2025
134,SRR34270140,WGS,148.74,131194009,PRJNA980729,SAMN49684769,Viral,52071639,USDA-NVSL,2025,public,"fastq,run.zq,run","s3,gs","s3.us-east-1,gs.us-east1",SRX29443928,USA,,USA,DUCK,NextSeq 2000,25-015646-002,25-015646-002-original,PAIRED,RANDOM,VIRAL RNA,Influenza A virus,ILLUMINA,2025-06-27,2025-06-27 13:01:46,1,25-015646-002,SRP441379,,cloacal swab,SRS25589881,False,,USA,SRR34270140,2025-06-28_06-29-39,SRR34270140.fa,D1.1,"PA:am4, PB1:ea3, NP:am13, NA:am4N1, HA:ea3, NS:ea3, PB2:am24, MP:ea3","am4:24-030039-001:PA, ea3:22-013001-001:PB1, am13:24-030039-001:NP, am4N1:24-030039-001:NA, ea3:22-013001-001:HA, ea3:22-013001-001:NS, am24:24-030039-001:PB2, ea3:22-013001-001:MP","99.60%, 99.34%, 99.80%, 99.13%, 99.24%, 99.17%, 99.69%, 99.90%","7, 15, 3, 10, 13, 7, 7, 1",Ran on FASTA - No Coverage Report,USA,2025
135,SRR34270141,WGS,148.49,110079404,PRJNA980729,SAMN49684768,Viral,44080477,USDA-NVSL,2025,public,"fastq,run.zq,run","s3,gs","s3.us-east-1,gs.us-east1",SRX29443927,USA,,USA,CHICKEN,NextSeq 2000,25-015646-001,25-015646-001-original,PAIRED,RANDOM,VIRAL RNA,Influenza A virus,ILLUMINA,2025-06-27,2025-06-27 13:01:47,1,25-015646-001,SRP441379,,OROPHARYNGEAL SWAB,SRS25589880,False,,USA,SRR34270141,2025-06-28_06-29-38,SRR34270141.fa,D1.1,"NP:am13, HA:ea3, NA:am4N1, PB1:ea3, PA:am4, MP:ea3, PB2:am24, NS:ea3","am13:24-030039-001:NP, ea3:22-013001-001:HA, am4N1:24-030039-001:NA, ea3:22-013001-001:PB1, am4:24-030039-001:PA, ea3:22-013001-001:MP, am24:24-030039-001:PB2, ea3:22-013001-001:NS","99.80%, 99.24%, 99.29%, 99.34%, 99.54%, 99.90%, 99.78%, 99.17%","3, 13, 8, 15, 8, 1, 5, 7",Ran on FASTA - No Coverage Report,USA,2025
136,SRR34270142,WGS,146.95,112507279,PRJNA980729,SAMN49684767,Viral,39407889,USDA-NVSL,2025,public,"fastq,run.zq,run","s3,gs","s3.us-east-1,gs.us-east1",SRX29443926,USA,,USA,CHICKEN,NextSeq 2000,25-010529-003,25-010529-003-original,PAIRED,RANDOM,VIRAL RNA,Influenza A virus,ILLUMINA,2025-06-27,2025-06-27 13:01:46,1,25-010529-003,SRP441379,,tracheal swab,SRS25589879,False,,USA,SRR34270142,2025-06-28_06-29-39,SRR34270142.fa,D1.1,"NS:ea3, MP:ea3, PA:am4, NP:am13, PB1:ea3, HA:ea3, NA:am4N1, PB2:am24","ea3:22-013001-001:NS, ea3:22-013001-001:MP, am4:24-030039-001:PA, am13:24-030039-001:NP, ea3:22-013001-001:PB1, ea3:22-013001-001:HA, am4N1:24-030039-001:NA, am24:24-030039-001:PB2","98.81%, 100.00%, 99.89%, 99.73%, 99.33%, 99.35%, 99.52%, 99.65%","10, 0, 2, 4, 12, 11, 5, 8",Ran on FASTA - No Coverage Report,USA,2025
137,SRR34270143,WGS,148.02,142063798,PRJNA980729,SAMN49684766,Viral,49911910,USDA-NVSL,2025,public,"fastq,run.zq,run","s3,gs","s3.us-east-1,gs.us-east1",SRX29443925,USA,,USA,CHICKEN,NextSeq 2000,25-010529-002,25-010529-002-original,PAIRED,RANDOM,VIRAL RNA,Influenza A virus,ILLUMINA,2025-06-27,2025-06-27 13:01:47,1,25-010529-002,SRP441379,,tracheal swab,SRS25589878,False,,USA,SRR34270143,2025-06-28_06-29-39,SRR34270143.fa,D1.1,"NA:am4N1, NP:am13, HA:ea3, PB2:am24, MP:ea3, PA:am4, NS:ea3, PB1:ea3","am4N1:24-030039-001:NA, am13:24-030039-001:NP, ea3:22-013001-001:HA, am24:24-030039-001:PB2, ea3:22-013001-001:MP, am4:24-030039-001:PA, ea3:22-013001-001:NS, ea3:22-013001-001:PB1","99.38%, 99.73%, 99.41%, 99.65%, 100.00%, 99.81%, 98.69%, 99.28%","7, 4, 10, 8, 0, 4, 11, 13",Ran on FASTA - No Coverage Report,USA,2025
138,SRR34270144,WGS,147.58,379458191,PRJNA980729,SAMN49684765,Viral,133079770,USDA-NVSL,2025,public,"fastq,run.zq,run","s3,gs","s3.us-east-1,gs.us-east1",SRX29443924,USA,,USA,DUCK,NextSeq 2000,25-010529-001,25-010529-001-original,PAIRED,RANDOM,VIRAL RNA,Influenza A virus,ILLUMINA,2025-06-27,2025-06-27 13:01:52,1,25-010529-001,SRP441379,,cloacal swab,SRS25589877,False,,USA,SRR34270144,2025-06-28_06-29-39,SRR34270144.fa,D1.1,"PB2:am24, NP:am13, NA:am4N1, PB1:ea3, PA:am4, MP:ea3, HA:ea3, NS:ea3","am24:24-030039-001:PB2, am13:24-030039-001:NP, am4N1:24-030039-001:NA, ea3:22-013001-001:PB1, am4:24-030039-001:PA, ea3:22-013001-001:MP, ea3:22-013001-001:HA, ea3:22-013001-001:NS","99.65%, 99.73%, 99.39%, 99.28%, 99.89%, 100.00%, 99.41%, 98.69%","8, 4, 7, 13, 2, 0, 10, 11",Ran on FASTA - No Coverage Report,USA,2025
